Site,date,GPP.daily,GPP.daily.sd,ER.daily,ER.daily.sd,K600.daily,K600.daily.sd,warnings,errors
HAT,2019-02-23,-0.058931991,0.059067187,-5.790515437,1.865203994,5.497605574,1.762616152,overall warnings,NA
HAT,2019-02-24,-0.021926972,0.06842316,-5.746020116,1.79956412,5.278275338,1.594181296,overall warnings,NA
HAT,2019-02-25,-0.103554236,0.047322943,-3.528270714,1.023875509,4.116868605,1.052439332,overall warnings,NA
HAT,2019-02-26,-0.072517284,0.06569516,-4.514008282,1.457095324,5.606291812,1.754558426,overall warnings,NA
HAT,2019-02-27,-0.079777816,0.055664583,-4.410489479,1.459765866,5.426229363,1.789676958,overall warnings,NA
HAT,2019-02-28,-0.131765711,0.058085751,-4.842232332,1.486955932,5.923463762,1.765505305,overall warnings,NA
HAT,2019-03-01,-0.048313066,0.059967999,-2.95497501,1.176195444,3.258116065,1.292308984,overall warnings,NA
HAT,2019-03-02,0.014534896,0.052786824,-1.128912665,0.559585523,0.89471882,0.499414178,overall warnings,NA
HAT,2019-03-03,0.017523982,0.061776125,-8.428335438,2.264157476,6.517897587,1.734335818,overall warnings,NA
HAT,2019-03-04,-0.042884265,0.053110224,-7.465367116,2.479665042,5.789579311,1.84921773,overall warnings,NA
HAT,2019-03-05,-0.01154055,0.044032827,-2.288364885,1.040470498,2.549802851,0.905656832,overall warnings,NA
HAT,2019-03-06,0.001746888,0.049472615,-3.992750183,0.902339763,4.917202139,1.00803207,overall warnings,NA
HAT,2019-03-07,0.046581031,0.054556934,-4.830887008,0.878044255,6.436313256,1.161123414,overall warnings,NA
HAT,2019-03-08,0.06275291,0.059213468,-4.955975807,1.0396963,6.480556719,1.397634764,overall warnings,NA
HAT,2019-03-09,0.089635879,0.068902854,-5.084614809,1.304741436,6.23170597,1.651357442,overall warnings,NA
HAT,2019-03-10,0.026754933,0.058912077,-4.670977759,1.373589453,5.173712414,1.572777526,overall warnings,NA
HAT,2019-03-11,0.044798174,0.060597499,-5.852713332,1.600173208,6.294506008,1.733101396,overall warnings,NA
HAT,2019-03-12,-0.097111302,0.052909771,-5.31050374,1.691483909,5.889516662,1.805088094,overall warnings,NA
HAT,2019-03-13,-0.165398561,0.059408675,-3.89801468,1.451347817,4.779614314,1.66743134,overall warnings,NA
HAT,2019-03-14,NA,NA,NA,NA,NA,NA,overall warnings,NAs in DO.obs; NAs in DO.sat; NAs in temp.water
HAT,2019-03-15,NA,NA,NA,NA,NA,NA,overall warnings,NAs in DO.obs; NAs in DO.sat; NAs in temp.water
HAT,2019-03-16,NA,NA,NA,NA,NA,NA,overall warnings,NAs in DO.obs; NAs in DO.sat; NAs in temp.water
HAT,2019-03-17,NA,NA,NA,NA,NA,NA,overall warnings,NAs in DO.obs; NAs in DO.sat; NAs in temp.water
HAT,2019-03-18,NA,NA,NA,NA,NA,NA,overall warnings,NAs in DO.obs; NAs in DO.sat; NAs in temp.water
HAT,2019-03-19,NA,NA,NA,NA,NA,NA,overall warnings,NAs in DO.obs; NAs in DO.sat; NAs in temp.water
HAT,2019-03-20,NA,NA,NA,NA,NA,NA,overall warnings,NAs in DO.obs; NAs in DO.sat; NAs in temp.water
HAT,2019-03-21,NA,NA,NA,NA,NA,NA,overall warnings,NAs in DO.obs; NAs in DO.sat; NAs in temp.water
HAT,2019-03-22,NA,NA,NA,NA,NA,NA,overall warnings,NAs in DO.obs; NAs in DO.sat; NAs in temp.water
HAT,2019-03-23,NA,NA,NA,NA,NA,NA,overall warnings,NAs in DO.obs; NAs in DO.sat; NAs in temp.water
HAT,2019-03-24,NA,NA,NA,NA,NA,NA,overall warnings,NAs in DO.obs; NAs in DO.sat; NAs in temp.water
HAT,2019-03-25,NA,NA,NA,NA,NA,NA,overall warnings,NAs in DO.obs; NAs in DO.sat; NAs in temp.water
HAT,2019-03-26,NA,NA,NA,NA,NA,NA,overall warnings,NAs in DO.obs; NAs in DO.sat; NAs in temp.water
HAT,2019-03-27,NA,NA,NA,NA,NA,NA,overall warnings,NAs in DO.obs; NAs in DO.sat; NAs in temp.water
HAT,2019-03-28,NA,NA,NA,NA,NA,NA,overall warnings,NAs in DO.obs; NAs in DO.sat; NAs in temp.water
HAT,2019-03-29,NA,NA,NA,NA,NA,NA,overall warnings,NAs in DO.obs; NAs in DO.sat; NAs in temp.water
HAT,2019-03-30,NA,NA,NA,NA,NA,NA,overall warnings,NAs in DO.obs; NAs in DO.sat; NAs in temp.water
HAT,2019-03-31,NA,NA,NA,NA,NA,NA,overall warnings,NAs in DO.obs; NAs in DO.sat; NAs in temp.water
HAT,2019-04-01,NA,NA,NA,NA,NA,NA,overall warnings,NAs in DO.obs; NAs in DO.sat; NAs in temp.water
HAT,2019-04-02,NA,NA,NA,NA,NA,NA,overall warnings,NAs in DO.obs; NAs in DO.sat; NAs in temp.water
HAT,2019-04-03,NA,NA,NA,NA,NA,NA,overall warnings,NAs in DO.obs; NAs in DO.sat; NAs in temp.water
HAT,2019-04-04,NA,NA,NA,NA,NA,NA,overall warnings,NAs in DO.obs; NAs in DO.sat; NAs in temp.water
HAT,2019-04-05,NA,NA,NA,NA,NA,NA,overall warnings,NAs in DO.obs; NAs in DO.sat; NAs in temp.water
HAT,2019-04-06,NA,NA,NA,NA,NA,NA,overall warnings,NAs in DO.obs; NAs in DO.sat; NAs in temp.water
HAT,2019-04-07,NA,NA,NA,NA,NA,NA,overall warnings,NAs in DO.obs; NAs in DO.sat; NAs in temp.water
HAT,2019-04-08,NA,NA,NA,NA,NA,NA,overall warnings,NAs in DO.obs; NAs in DO.sat; NAs in temp.water
HAT,2019-04-09,NA,NA,NA,NA,NA,NA,overall warnings,NAs in DO.obs; NAs in DO.sat; NAs in temp.water
HAT,2019-04-10,NA,NA,NA,NA,NA,NA,overall warnings,NAs in DO.obs; NAs in DO.sat; NAs in temp.water
HAT,2019-04-11,NA,NA,NA,NA,NA,NA,overall warnings,NAs in DO.obs; NAs in DO.sat; NAs in temp.water
HAT,2019-04-12,0.082785505,0.041394076,-5.250137881,0.979032758,9.723768183,1.837903365,overall warnings,NA
HAT,2019-04-13,0.111953104,0.055256681,-4.354822389,0.938080639,7.881517821,1.712306623,overall warnings,NA
HAT,2019-04-14,0.111645795,0.062701569,-3.684034458,0.977751546,6.432343739,1.724806802,overall warnings,NA
HAT,2019-04-15,0.062379597,0.039625323,-2.92530015,0.853905373,5.556050589,1.571196162,overall warnings,NA
HAT,2019-04-16,0.078259548,0.041548319,-2.457462721,0.725344333,4.880239099,1.468574015,overall warnings,NA
HAT,2019-04-17,0.141680564,0.056377865,-2.675833178,0.820744814,4.793677263,1.559672752,overall warnings,NA
HAT,2019-04-18,0.110467797,0.043691386,-3.232374101,0.949965821,5.455253138,1.661966898,overall warnings,NA
HAT,2019-04-19,-0.049570525,0.06724642,-2.743202083,0.925764916,4.865346839,1.38174096,overall warnings,NA
HAT,2019-04-20,-0.06275223,0.048058565,-2.993529383,0.808228903,5.414220632,1.324339144,overall warnings,NA
HAT,2019-04-21,0.05835214,0.042922036,-4.158487377,0.737878096,8.688998454,1.513044494,overall warnings,NA
HAT,2019-04-22,0.110031808,0.046156386,-4.22933992,0.760890653,9.449682096,1.704004792,overall warnings,NA
HAT,2019-04-23,0.118092746,0.048207425,-3.241880565,0.7328605,6.963700575,1.624643148,overall warnings,NA
HAT,2019-04-24,0.146107395,0.050580802,-2.615814262,0.675045149,5.246143743,1.433115352,overall warnings,NA
HAT,2019-04-25,0.156936705,0.04842004,-2.803341118,0.760263336,5.246999534,1.49379287,overall warnings,NA
HAT,2019-04-26,0.092905669,0.043644138,-3.354089831,0.993838851,5.87860384,1.75465467,overall warnings,NA
HAT,2019-04-27,0.139586224,0.041405212,-2.998492461,0.630502759,6.015992565,1.234495782,overall warnings,NA
HAT,2019-04-28,0.155885707,0.043819624,-2.214458873,0.584229431,4.290019761,1.227677838,overall warnings,NA
HAT,2019-04-29,0.162110633,0.0424721,-2.97824486,0.795403558,4.983522397,1.424560144,overall warnings,NA
HAT,2019-04-30,0.115070446,0.045084645,-3.267193331,0.975115424,4.900798357,1.532989869,overall warnings,NA
HAT,2019-05-01,0.193505295,0.042530138,-0.746769402,0.332795462,0.618864217,0.457081279,overall warnings,NA
HAT,2019-05-02,0.194799956,0.038738771,-2.443555888,0.91940406,3.283219825,1.323432635,overall warnings,NA
HAT,2019-05-03,0.050971492,0.041087375,-3.639566429,1.151737772,4.678312075,1.448242249,overall warnings,NA
HAT,2019-05-04,0.11747628,0.043952268,-2.646988506,0.775940487,3.870836509,1.149332425,overall warnings,NA
HAT,2019-05-05,0.201778492,0.059374846,-1.968920358,0.609158026,2.939494737,0.739118471,overall warnings,NA
HAT,2019-05-06,-0.027313501,0.042419564,-3.236772145,1.046130813,3.933886938,1.24936778,overall warnings,NA
HAT,2019-05-07,0.044479008,0.044866974,-3.923909345,1.102522148,5.660779023,1.587700807,overall warnings,NA
HAT,2019-05-08,0.039257531,0.042313585,-5.104275182,1.029074901,8.319280296,1.663540995,overall warnings,NA
HAT,2019-05-09,0.137011539,0.060557211,-7.287753099,1.206980583,12.55716839,2.083609037,overall warnings,NA
HAT,2019-05-10,0.082332092,0.043988205,-5.61436692,1.030546837,9.645154244,1.781908896,overall warnings,NA
HAT,2019-05-11,0.08574763,0.043634648,-4.246255085,0.975219106,7.238492062,1.690964205,overall warnings,NA
HAT,2019-05-12,0.093109652,0.045903041,-3.400463946,0.931489101,5.577395455,1.574462737,overall warnings,NA
HAT,2019-05-13,0.094602833,0.060260417,-3.679318968,1.087524997,5.814569111,1.765489935,overall warnings,NA
HAT,2019-05-14,0.092203062,0.041678549,-3.270777026,0.909128383,5.193758712,1.477853821,overall warnings,NA
HAT,2019-05-15,0.08507988,0.038348887,-3.195737718,0.970755261,4.818031077,1.523355455,overall warnings,NA
HAT,2019-05-16,0.116516596,0.041445243,-2.57587168,0.830181915,3.70613304,1.267516406,overall warnings,NA
HAT,2019-05-17,0.100561759,0.040504727,-1.901098651,0.745607242,2.68465218,1.087920379,overall warnings,NA
HAT,2019-05-18,0.025993287,0.039824915,-2.884723529,1.02224926,4.202744737,1.524884852,overall warnings,NA
HAT,2019-05-19,0.029184159,0.037768453,-2.102695778,0.885437535,3.296792943,1.39382881,overall warnings,NA
HAT,2019-05-20,0.073408316,0.03871311,-2.439792962,0.935924498,3.772770564,1.521641154,overall warnings,NA
HAT,2019-05-21,0.130068706,0.041689298,-2.362697071,0.838620528,3.858673345,1.434197127,overall warnings,NA
HAT,2019-05-22,0.168937827,0.040606747,-1.834946829,0.652913195,2.989647639,1.138562747,overall warnings,NA
HAT,2019-05-23,0.157967266,0.03734941,-1.891996521,0.651447535,3.257215307,1.190818884,overall warnings,NA
HAT,2019-05-24,0.130674267,0.03708798,-2.010818496,0.689980204,3.555855258,1.285674705,overall warnings,NA
HAT,2019-05-25,0.131242753,0.039868714,-1.241213971,0.523535939,2.170532697,1.013079834,overall warnings,NA
HAT,2019-05-26,0.11129371,0.037850763,-1.226444268,0.481657833,2.430319243,1.022104095,overall warnings,NA
HAT,2019-05-27,0.109988034,0.04177483,-0.650243891,0.30174072,1.472049857,0.734532172,overall warnings,NA
HAT,2019-05-28,0.040170746,0.043277382,-0.971355701,0.401787974,2.801783932,1.194724027,overall warnings,NA
HAT,2019-05-29,NA,NA,NA,NA,NA,NA,overall warnings,discharge <= 0; depth <= 0
HAT,2019-05-30,NA,NA,NA,NA,NA,NA,overall warnings,discharge <= 0; depth <= 0
HAT,2019-05-31,NA,NA,NA,NA,NA,NA,overall warnings,discharge <= 0; depth <= 0
HAT,2019-06-01,0.201334887,0.043139666,-0.835720594,0.376737399,1.190662567,0.720086877,overall warnings,NA
HAT,2019-06-02,0.138947698,0.039639292,-0.959954734,0.428090866,1.732900453,0.852558788,overall warnings,NA
HAT,2019-06-03,0.133640229,0.045964933,-0.760228214,0.368165236,1.488735584,0.898943697,overall warnings,NA
HAT,2019-06-04,0.136487176,0.04473796,-0.684196752,0.350324395,1.173759673,0.782695549,overall warnings,NA
HAT,2019-06-05,0.066761592,0.039734543,-0.444226238,0.272219073,0.830349171,0.565556906,overall warnings,NA
HAT,2019-06-06,-7.19E-04,0.105449537,-1.192815291,0.505376057,2.857811339,1.373767475,overall warnings,NA
HAT,2019-06-07,-0.024862148,0.076503683,-0.513161796,0.446153257,1.309516677,0.837796908,overall warnings,NA
HAT,2019-06-08,0.110589367,0.04215726,-1.540188415,0.606212161,2.413771873,1.0650095,overall warnings,NA
HAT,2019-06-09,-0.013828852,0.077124988,-0.589659553,0.416886521,1.207534435,0.472469547,overall warnings,NA
HAT,2019-06-10,0.067291025,0.038512755,-3.09726654,0.635299277,5.603444135,1.065981549,overall warnings,NA
HAT,2019-06-11,0.139206654,0.045254628,-1.972654918,0.631446983,3.165271715,1.123743965,overall warnings,NA
HAT,2019-06-12,0.059998751,0.054248888,-1.4643965,0.689492871,2.661989156,1.102036271,overall warnings,NA
HAT,2019-06-13,0.023587494,0.059782233,-0.469792115,0.377899891,0.599678172,0.443644978,overall warnings,NA
HAT,2019-06-14,-0.027613337,0.047484969,-2.914832084,0.99495492,3.474567189,1.192330746,overall warnings,NA
HAT,2019-06-15,-0.018783009,0.05415618,-4.766346964,0.981395662,7.107495219,1.469787137,overall warnings,NA
HAT,2019-06-16,0.061011009,0.038663954,-7.132717081,1.1956759,11.06600941,1.862559674,overall warnings,NA
HAT,2019-06-17,0.049292114,0.034125562,-5.02053775,1.076516532,8.067709257,1.737824248,overall warnings,NA
HAT,2019-06-18,0.016854058,0.049154106,-5.080953017,1.126291136,8.287571262,1.794025382,overall warnings,NA
HAT,2019-06-19,-0.092589483,0.059753215,-0.055861281,0.18560862,0.190412051,0.162814447,overall warnings,NA
HAT,2019-06-20,-0.010033369,0.043846053,-2.1038759,1.084197843,1.357001416,0.77739848,overall warnings,NA
HAT,2019-06-21,-6.66E-04,0.040095754,-9.199991,2.59459282,5.686641543,1.617880315,overall warnings,NA
HAT,2019-06-22,-0.029494105,0.046372043,-4.363393857,1.675015171,2.934315509,1.116198909,overall warnings,NA
HAT,2019-06-23,-0.037690685,0.036644621,-3.791004365,1.510976689,2.996931091,1.170954008,overall warnings,NA
HAT,2019-06-24,-0.03511638,0.038331317,-3.966719166,1.421554535,3.623426795,1.27876327,overall warnings,NA
HAT,2019-06-25,-0.020036202,0.043958024,-5.107053194,1.608424513,5.179408603,1.625815275,overall warnings,NA
HAT,2019-06-26,-0.027184355,0.041880794,-5.192221464,1.488503191,5.772946671,1.63642685,overall warnings,NA
HAT,2019-06-27,-0.039475603,0.036725786,-6.640069462,1.398461311,8.198692634,1.717800657,overall warnings,NA
HAT,2019-06-28,0.061198911,0.045470535,-7.192508324,1.26433078,9.125406751,1.590886144,overall warnings,NA
HAT,2019-06-29,0.00728849,0.042229513,-8.046000077,1.418405084,10.33324415,1.827791322,overall warnings,NA
HAT,2019-06-30,0.013226745,0.039722047,-5.941898778,1.315044858,8.135047498,1.811938831,overall warnings,NA
HAT,2019-07-01,-0.105070237,0.037813575,-3.215198266,1.041123977,4.6347766,1.476837473,overall warnings,NA
HAT,2019-07-02,0.050011934,0.044421355,-4.015227924,1.188888759,5.453923418,1.655450723,overall warnings,NA
HAT,2019-07-03,0.02383105,0.037386132,-3.881439067,1.163730738,5.621992342,1.619993933,overall warnings,NA
HAT,2019-07-04,0.041319471,0.036094901,-5.34253369,1.077487698,8.492860265,1.657176231,overall warnings,NA
HAT,2019-07-05,0.139228966,0.057859511,-6.061895726,1.119400584,9.60059044,1.759357256,overall warnings,NA
HAT,2019-07-06,0.030661343,0.045497738,-3.892409349,1.175400289,5.440144446,1.603420563,overall warnings,NA
HAT,2019-07-07,0.015111195,0.040613359,-4.339951347,1.360511893,5.855026844,1.835746177,overall warnings,NA
HAT,2019-07-08,0.014112905,0.040909623,-4.366403919,1.332249881,5.705563833,1.768092114,overall warnings,NA
HAT,2019-07-09,0.008620804,0.035265514,-2.526894603,1.059595769,3.106928573,1.303688848,overall warnings,NA
HAT,2019-07-10,0.022667376,0.04490568,-5.025785761,1.531213521,5.977010644,1.809015175,overall warnings,NA
HAT,2019-07-11,0.011404917,0.039236981,-1.262466417,0.653239922,1.376137983,0.725847143,overall warnings,NA
HAT,2019-07-12,-0.032254757,0.037145139,-4.676810694,1.419656037,4.866226821,1.459891864,overall warnings,NA
HAT,2019-07-13,0.005366485,0.040208335,-4.887359058,1.393773158,5.742313408,1.634582126,overall warnings,NA
HAT,2019-07-14,0.021697129,0.042085343,-6.076862421,1.357822484,7.746894776,1.734805687,overall warnings,NA
HAT,2019-07-15,0.001341761,0.039679724,-7.829532535,1.328718737,10.51214415,1.786379954,overall warnings,NA
HAT,2019-07-16,0.013456639,0.042850432,-8.778184351,1.47971719,12.22706565,2.054249862,overall warnings,NA
HAT,2019-07-17,0.00816542,0.035193872,-7.344819375,1.378681313,10.25387832,1.918753621,overall warnings,NA
HAT,2019-07-18,0.01640203,0.044893961,-6.308607228,1.242108376,9.346831999,1.823438479,overall warnings,NA
HAT,2019-07-19,0.007661723,0.051642176,-5.717948278,1.20919143,8.658434548,1.824942163,overall warnings,NA
HAT,2019-07-20,0.077170435,0.039863159,-2.237696647,0.84056327,3.376147361,1.179518657,overall warnings,NA
HAT,2019-07-21,-0.003968139,0.039567956,-3.472035923,1.236138883,4.462884406,1.573968936,overall warnings,NA
HAT,2019-07-22,0.002104722,0.041673055,-4.909306823,1.405226397,6.128772947,1.760773756,overall warnings,NA
HAT,2019-07-23,2.37E-04,0.042613441,-5.167291135,1.21255522,7.102117583,1.673135342,overall warnings,NA
HAT,2019-07-24,0.034490603,0.074410432,-0.973979096,0.561672627,1.292505907,0.656479627,overall warnings,NA
HAT,2019-07-25,0.124727401,0.062405813,-0.40399069,0.159857528,0.107005558,0.099956777,overall warnings,NA
HAT,2019-07-26,0.100473886,0.075058058,-3.996496859,2.050167207,2.337885411,1.235904785,overall warnings,NA
HAT,2019-07-27,0.031539792,0.045741887,-8.600890895,2.645998054,4.530592342,1.409855817,overall warnings,NA
HAT,2019-07-28,-0.014862358,0.037866204,-4.484034161,1.974185708,2.374088214,1.036993618,overall warnings,NA
HAT,2019-07-29,NA,NA,NA,NA,NA,NA,overall warnings,NAs in light
HAT,2019-07-30,NA,NA,NA,NA,NA,NA,overall warnings,NAs in light
HAT,2019-07-31,NA,NA,NA,NA,NA,NA,overall warnings,data don't end when expected; NAs in light
HOGDN,2019-02-23,2.002291772,0.134490701,-10.93661354,0.853439126,6.765039064,0.56197821,overall warnings,NA
HOGDN,2019-02-24,1.868327046,0.139602603,-12.59964509,1.058396529,8.446693888,0.726618489,overall warnings,NA
HOGDN,2019-02-25,1.476540953,0.112528479,-8.12512987,0.672719887,7.324766291,0.611144662,overall warnings,NA
HOGDN,2019-02-26,0.49315628,0.114586263,-7.852081903,1.33849868,7.879095607,1.354414256,overall warnings,NA
HOGDN,2019-02-27,1.539398342,0.137800176,-8.342889762,0.842217243,6.916834793,0.768087763,overall warnings,NA
HOGDN,2019-02-28,1.413340122,0.136470238,-10.5445535,1.12646244,7.61160144,0.854170894,overall warnings,NA
HOGDN,2019-03-01,1.356209918,0.114844224,-11.27418436,1.040892725,8.916327538,0.848942312,overall warnings,NA
HOGDN,2019-03-02,1.126071474,0.110310967,-7.751254503,0.920359641,5.891901893,0.756485547,overall warnings,NA
HOGDN,2019-03-03,1.08403792,0.133715064,-11.11174797,1.465440306,7.536515265,1.027274157,overall warnings,NA
HOGDN,2019-03-04,0.568735732,0.108705503,-9.697970542,1.995114983,5.907548362,1.224784121,overall warnings,NA
HOGDN,2019-03-05,0.437590197,0.09192305,-4.886583862,0.859705333,4.185779654,0.68511348,overall warnings,NA
HOGDN,2019-03-06,0.381832913,0.097932177,-5.01994498,0.823949853,5.848147783,0.894854593,overall warnings,NA
HOGDN,2019-03-07,0.414512474,0.116901197,-4.993460649,0.819548046,6.304418798,1.026837313,overall warnings,NA
HOGDN,2019-03-08,0.519794899,0.127104394,-5.137650167,0.875757745,6.191031109,1.069046581,overall warnings,NA
HOGDN,2019-03-09,0.870561572,0.149006423,-6.491802947,0.960032406,7.110116218,1.089610004,overall warnings,NA
HOGDN,2019-03-10,0.614262372,0.122115263,-6.886373977,1.078089729,7.351760294,1.151438889,overall warnings,NA
HOGDN,2019-03-11,0.492263278,0.123076498,-5.621539527,1.038184979,6.352877499,1.164386804,overall warnings,NA
HOGDN,2019-03-12,0.258191658,0.091543754,-4.137677076,0.862330332,5.722196775,1.105700629,overall warnings,NA
HOGDN,2019-03-13,NA,NA,NA,NA,NA,NA,overall warnings,NAs in DO.obs; NAs in DO.sat; NAs in temp.water
HOGDN,2019-03-14,NA,NA,NA,NA,NA,NA,overall warnings,NAs in DO.obs; NAs in DO.sat; NAs in temp.water
HOGDN,2019-03-15,NA,NA,NA,NA,NA,NA,overall warnings,NAs in DO.obs; NAs in DO.sat; NAs in temp.water
HOGDN,2019-03-16,NA,NA,NA,NA,NA,NA,overall warnings,NAs in DO.obs; NAs in DO.sat; NAs in temp.water
HOGDN,2019-03-17,NA,NA,NA,NA,NA,NA,overall warnings,NAs in DO.obs; NAs in DO.sat; NAs in temp.water
HOGDN,2019-03-18,NA,NA,NA,NA,NA,NA,overall warnings,NAs in DO.obs; NAs in DO.sat; NAs in temp.water
HOGDN,2019-03-19,NA,NA,NA,NA,NA,NA,overall warnings,NAs in DO.obs; NAs in DO.sat; NAs in temp.water
HOGDN,2019-03-20,NA,NA,NA,NA,NA,NA,overall warnings,NAs in DO.obs; NAs in DO.sat; NAs in temp.water
HOGDN,2019-03-21,NA,NA,NA,NA,NA,NA,overall warnings,NAs in DO.obs; NAs in DO.sat; NAs in temp.water
HOGDN,2019-03-22,NA,NA,NA,NA,NA,NA,overall warnings,NAs in DO.obs; NAs in DO.sat; NAs in temp.water
HOGDN,2019-03-23,NA,NA,NA,NA,NA,NA,overall warnings,NAs in DO.obs; NAs in DO.sat; NAs in temp.water
HOGDN,2019-03-24,NA,NA,NA,NA,NA,NA,overall warnings,NAs in DO.obs; NAs in DO.sat; NAs in temp.water
HOGDN,2019-03-25,NA,NA,NA,NA,NA,NA,overall warnings,NAs in DO.obs; NAs in DO.sat; NAs in temp.water
HOGDN,2019-03-26,NA,NA,NA,NA,NA,NA,overall warnings,NAs in DO.obs; NAs in DO.sat; NAs in temp.water
HOGDN,2019-03-27,NA,NA,NA,NA,NA,NA,overall warnings,NAs in DO.obs; NAs in DO.sat; NAs in temp.water
HOGDN,2019-03-28,NA,NA,NA,NA,NA,NA,overall warnings,NAs in DO.obs; NAs in DO.sat; NAs in temp.water
HOGDN,2019-03-29,NA,NA,NA,NA,NA,NA,overall warnings,NAs in DO.obs; NAs in DO.sat; NAs in temp.water
HOGDN,2019-03-30,NA,NA,NA,NA,NA,NA,overall warnings,NAs in DO.obs; NAs in DO.sat; NAs in temp.water
HOGDN,2019-03-31,NA,NA,NA,NA,NA,NA,overall warnings,NAs in DO.obs; NAs in DO.sat; NAs in temp.water
HOGDN,2019-04-01,NA,NA,NA,NA,NA,NA,overall warnings,NAs in DO.obs; NAs in DO.sat; NAs in temp.water
HOGDN,2019-04-02,NA,NA,NA,NA,NA,NA,overall warnings,NAs in DO.obs; NAs in DO.sat; NAs in temp.water
HOGDN,2019-04-03,NA,NA,NA,NA,NA,NA,overall warnings,NAs in DO.obs; NAs in DO.sat; NAs in temp.water
HOGDN,2019-04-04,0.261152431,0.112424956,-4.87463608,1.009373974,6.581747897,1.332374499,overall warnings,NA
HOGDN,2019-04-05,0.834022655,0.144359929,-7.285814548,1.044307411,9.2104462,1.345871706,overall warnings,NA
HOGDN,2019-04-06,0.240181968,0.100242979,-4.76378431,0.954799007,6.093548127,1.203521914,overall warnings,NA
HOGDN,2019-04-07,0.316296905,0.116979021,-5.116931634,1.032407372,6.397144347,1.267073849,overall warnings,NA
HOGDN,2019-04-08,0.608219605,0.133544114,-7.459601838,1.208764167,9.071659489,1.456533816,overall warnings,NA
HOGDN,2019-04-09,0.13599128,0.092414295,-3.807286771,1.074261233,3.264861708,0.946537018,overall warnings,NA
HOGDN,2019-04-10,0.133314077,0.087338302,-5.326268344,1.591953402,4.239027044,1.241872743,overall warnings,NA
HOGDN,2019-04-11,0.101336561,0.092385733,-4.529810375,1.211620924,4.487973764,1.142766265,overall warnings,NA
HOGDN,2019-04-12,0.407829969,0.124258319,-6.623039935,1.200676363,6.811845934,1.213627402,overall warnings,NA
HOGDN,2019-04-13,0.558449473,0.131368731,-7.366379497,1.303854087,7.756508236,1.365308651,overall warnings,NA
HOGDN,2019-04-14,0.492331075,0.126415541,-7.085529186,1.344198987,7.354665815,1.372306886,overall warnings,NA
HOGDN,2019-04-15,0.015686758,0.085935091,-3.348941023,0.819201355,5.317561091,1.085342957,overall warnings,NA
HOGDN,2019-04-16,0.043511094,0.083096916,-4.570176671,0.838347715,7.027504606,1.262684205,overall warnings,NA
HOGDN,2019-04-17,0.24239782,0.085367003,-4.964161687,0.856542233,7.028410446,1.223563679,overall warnings,NA
HOGDN,2019-04-18,0.036235811,0.100498774,-3.757579055,0.982113545,4.948590431,1.296317264,overall warnings,NA
HOGDN,2019-04-19,-0.0263565,0.101956861,-0.619982926,0.291527388,0.184634459,0.15863947,overall warnings,NA
HOGDN,2019-04-20,0.160105266,0.065958957,-2.546217021,1.068297635,1.600475162,0.597816472,overall warnings,NA
HOGDN,2019-04-21,0.084261308,0.083872048,-4.673212966,1.068458792,3.891999201,0.832737343,overall warnings,NA
HOGDN,2019-04-22,0.089210547,0.102940855,-5.062571984,1.173684927,5.185653474,1.141219589,overall warnings,NA
HOGDN,2019-04-23,0.014459597,0.097470345,-4.108375966,1.099585039,4.631119167,1.176731136,overall warnings,NA
HOGDN,2019-04-24,0.178904036,0.094051131,-4.738773594,0.935463203,5.400254825,1.051719009,overall warnings,NA
HOGDN,2019-04-25,0.186586725,0.097172622,-5.144680708,1.161961218,6.113347492,1.353035754,overall warnings,NA
HOGDN,2019-04-26,0.031183032,0.075875551,-1.925368223,0.715873717,1.252486258,0.538233501,overall warnings,NA
HOGDN,2019-04-27,-0.080685481,0.077081745,-3.406226371,1.035593469,2.971646484,0.787603074,overall warnings,NA
HOGDN,2019-04-28,0.060559894,0.089630029,-4.76876169,1.105554578,5.026096643,1.111649298,overall warnings,NA
HOGDN,2019-04-29,-0.066775871,0.081083005,-4.269951116,1.063690597,5.26665524,1.229101794,overall warnings,NA
HOGDN,2019-04-30,0.0630736,0.089456037,-5.824141347,1.089935715,7.212759884,1.311654996,overall warnings,NA
HOGDN,2019-05-01,-0.001904099,0.090384153,-5.278444443,1.119921055,6.951381535,1.407606365,overall warnings,NA
HOGDN,2019-05-02,0.19265733,0.095173906,-4.835776315,1.007004896,5.6794287,1.195837116,overall warnings,NA
HOGDN,2019-05-03,0.211948869,0.107069758,-5.234039596,1.20110557,4.548547162,1.039061341,overall warnings,NA
HOGDN,2019-05-04,0.026804978,0.077950746,-6.009359688,1.663515216,4.839551554,1.334538762,overall warnings,NA
HOGDN,2019-05-05,0.040447659,0.06508453,-0.642157915,0.3931689,0.311744708,0.268210701,overall warnings,NA
HOGDN,2019-05-06,-0.0084111,0.083565196,-2.731254926,1.295377668,1.659043499,0.737616318,overall warnings,NA
HOGDN,2019-05-07,-0.064976544,0.079173212,-3.059194145,1.042180777,2.754431899,0.837375382,overall warnings,NA
HOGDN,2019-05-08,NA,NA,NA,NA,NA,NA,overall warnings,NAs in DO.obs; NAs in DO.sat; NAs in temp.water
HOGDN,2019-05-09,NA,NA,NA,NA,NA,NA,overall warnings,NAs in DO.obs; NAs in DO.sat; NAs in temp.water
HOGDN,2019-05-10,NA,NA,NA,NA,NA,NA,overall warnings,NAs in DO.obs; NAs in DO.sat; NAs in temp.water
HOGDN,2019-05-11,NA,NA,NA,NA,NA,NA,overall warnings,NAs in DO.obs; NAs in DO.sat; NAs in temp.water
HOGDN,2019-05-12,NA,NA,NA,NA,NA,NA,overall warnings,NAs in DO.obs; NAs in DO.sat; NAs in temp.water
HOGDN,2019-05-13,NA,NA,NA,NA,NA,NA,overall warnings,NAs in DO.obs; NAs in DO.sat; NAs in temp.water
HOGDN,2019-05-14,NA,NA,NA,NA,NA,NA,overall warnings,NAs in DO.obs; NAs in DO.sat; NAs in temp.water
HOGDN,2019-05-15,NA,NA,NA,NA,NA,NA,overall warnings,NAs in DO.obs; NAs in DO.sat; NAs in temp.water
HOGDN,2019-05-16,NA,NA,NA,NA,NA,NA,overall warnings,NAs in DO.obs; NAs in DO.sat; NAs in temp.water
HOGDN,2019-05-17,NA,NA,NA,NA,NA,NA,overall warnings,NAs in DO.obs; NAs in DO.sat; NAs in temp.water
HOGDN,2019-05-18,NA,NA,NA,NA,NA,NA,overall warnings,NAs in DO.obs; NAs in DO.sat; NAs in temp.water
HOGDN,2019-05-19,NA,NA,NA,NA,NA,NA,overall warnings,NAs in DO.obs; NAs in DO.sat; NAs in temp.water
HOGDN,2019-05-20,NA,NA,NA,NA,NA,NA,overall warnings,NAs in DO.obs; NAs in DO.sat; NAs in temp.water; discharge <= 0; depth <= 0
HOGDN,2019-05-21,NA,NA,NA,NA,NA,NA,overall warnings,NAs in DO.obs; NAs in DO.sat; NAs in temp.water
HOGDN,2019-05-22,NA,NA,NA,NA,NA,NA,overall warnings,NAs in DO.obs; NAs in DO.sat; NAs in temp.water; discharge <= 0; depth <= 0
HOGDN,2019-05-23,NA,NA,NA,NA,NA,NA,overall warnings,NAs in DO.obs; NAs in DO.sat; NAs in temp.water; discharge <= 0; depth <= 0
HOGDN,2019-05-24,NA,NA,NA,NA,NA,NA,overall warnings,NAs in DO.obs; NAs in DO.sat; NAs in temp.water; discharge <= 0; depth <= 0
HOGDN,2019-05-25,NA,NA,NA,NA,NA,NA,overall warnings,discharge <= 0; depth <= 0
HOGDN,2019-05-26,NA,NA,NA,NA,NA,NA,overall warnings,discharge <= 0; depth <= 0
HOGDN,2019-05-27,NA,NA,NA,NA,NA,NA,overall warnings,discharge <= 0; depth <= 0
HOGDN,2019-05-28,NA,NA,NA,NA,NA,NA,overall warnings,discharge <= 0; depth <= 0
HOGDN,2019-05-29,-0.051390558,0.07935242,-1.547932131,0.667755531,1.414389425,0.684952471,overall warnings,NA
HOGDN,2019-05-30,NA,NA,NA,NA,NA,NA,overall warnings,discharge <= 0; depth <= 0
HOGDN,2019-05-31,NA,NA,NA,NA,NA,NA,overall warnings,discharge <= 0; depth <= 0
HOGDN,2019-06-01,-0.047806241,0.071271585,-3.476103117,1.005671918,3.584350084,1.003858998,overall warnings,NA
HOGDN,2019-06-02,0.009180692,0.07392372,-1.681328299,0.656062986,2.818256721,1.057658727,overall warnings,NA
HOGDN,2019-06-03,NA,NA,NA,NA,NA,NA,overall warnings,discharge <= 0; depth <= 0
HOGDN,2019-06-04,NA,NA,NA,NA,NA,NA,overall warnings,discharge <= 0; depth <= 0
HOGDN,2019-06-05,-0.02907366,0.079036269,-1.980830996,1.342577758,0.978738913,0.648888331,overall warnings,NA
HOGDN,2019-06-06,0.012030963,0.106328424,-1.901903213,0.840786699,1.633906667,0.638273541,overall warnings,NA
HOGDN,2019-06-07,-0.03457283,0.0948912,-3.651172486,1.149946899,3.485519953,1.037073876,overall warnings,NA
HOGDN,2019-06-08,0.061920696,0.097080284,-5.983676747,1.651579971,4.971744879,1.368866235,overall warnings,NA
HOGDN,2019-06-09,-0.061561215,0.107959212,-0.671806454,0.421278804,0.231370927,0.221676309,overall warnings,NA
HOGDN,2019-06-10,0.028486663,0.073242605,-2.298579032,1.217668164,1.187175483,0.605256857,overall warnings,NA
HOGDN,2019-06-11,-0.043340728,0.077747999,-4.0178472,1.443995675,2.864222618,0.976411507,overall warnings,NA
HOGDN,2019-06-12,0.084621278,0.076131365,-1.345122878,0.551751557,0.718151476,0.298651309,overall warnings,NA
HOGDN,2019-06-13,-0.027137407,0.114147649,-0.752830548,0.382143696,0.12004531,0.114843498,overall warnings,NA
HOGDN,2019-06-14,0.056404616,0.07667673,-6.161793736,2.755242183,1.779629988,0.84313732,overall warnings,NA
HOGDN,2019-06-15,0.051110707,0.080057831,-3.77751475,1.745826134,1.383978647,0.630858103,overall warnings,NA
HOGDN,2019-06-16,-0.017622375,0.066990045,-2.678598455,1.434825515,1.315004578,0.64829922,overall warnings,NA
HOGDN,2019-06-17,0.13463535,0.081071427,-1.525447663,0.903480391,0.679863203,0.451052237,overall warnings,NA
HOGDN,2019-06-18,0.007204949,0.091469126,-1.944779257,1.319512433,0.79689773,0.530435757,overall warnings,NA
HOGDN,2019-06-19,0.104710264,0.073295137,0.043315511,0.238125757,0.073193846,0.067112624,overall warnings,NA
HOGDN,2019-06-20,0.02265382,0.069945918,-2.827700636,1.230060583,0.468467504,0.331766351,overall warnings,NA
HOGDN,2019-06-21,0.058384179,0.064631907,-6.100965882,2.971098786,1.497989455,0.768763079,overall warnings,NA
HOGDN,2019-06-22,0.049686718,0.074574426,-4.851821441,1.999140059,1.479666183,0.600161025,overall warnings,NA
HOGDN,2019-06-23,0.013578455,0.073655313,-5.588772907,2.406709916,1.974758929,0.835387505,overall warnings,NA
HOGDN,2019-06-24,0.026898908,0.074846148,-4.998753468,2.281724265,2.069684644,0.918648449,overall warnings,NA
HOGDN,2019-06-25,0.02129051,0.072444003,-5.581634381,2.068274459,2.666649245,0.966344506,overall warnings,NA
HOGDN,2019-06-26,-0.027171719,0.072378727,-4.62843787,1.706241496,2.714466192,0.945887229,overall warnings,NA
HOGDN,2019-06-27,0.028295374,0.060609436,-5.847461114,1.765974211,3.99211257,1.175719688,overall warnings,NA
HOGDN,2019-06-28,-0.030736095,0.071893664,-6.120066479,1.827411598,4.812502995,1.39512931,overall warnings,NA
HOGDN,2019-06-29,0.010640782,0.06678675,-5.609632817,1.470881664,5.147295774,1.302307785,overall warnings,NA
HOGDN,2019-06-30,0.053634692,0.080860794,-6.321686485,1.34989578,6.252327567,1.316327268,overall warnings,NA
HOGDN,2019-07-01,-0.025502994,0.067160729,-6.259553835,1.317943647,6.71982429,1.388160369,overall warnings,NA
HOGDN,2019-07-02,0.076293642,0.083406424,-4.547827094,1.247492805,5.118807236,1.415172634,overall warnings,NA
HOGDN,2019-07-03,-0.031756406,0.084082551,-4.914911666,1.101917831,2.644559495,0.609020402,overall warnings,NA
HOGDN,2019-07-04,0.10401538,0.06925294,-2.864657395,1.234737124,1.338175995,0.632707717,overall warnings,NA
HOGDN,2019-07-05,0.285974575,0.080816169,-1.217395243,0.70650311,0.449745501,0.335285364,overall warnings,NA
HOGDN,2019-07-06,0.180705061,0.073639798,-7.169666398,2.243399836,3.045721593,0.970735885,overall warnings,NA
HOGDN,2019-07-07,0.082819717,0.076302474,-3.841899188,1.708630282,1.976596665,0.862494933,overall warnings,NA
HOGDN,2019-07-08,0.05311015,0.078258565,-5.346725349,1.649247131,3.389482007,1.025573498,overall warnings,NA
HOGDN,2019-07-09,0.06073188,0.06117498,-5.86219695,1.520876475,4.395866931,1.122445608,overall warnings,NA
HOGDN,2019-07-10,0.064071523,0.085727523,-6.153663683,1.47473142,5.432312848,1.276580977,overall warnings,NA
HOGDN,2019-07-11,0.153810041,0.076210976,-5.271573745,1.293903432,4.671899363,1.155276532,overall warnings,NA
HOGDN,2019-07-12,0.138590045,0.072850428,-2.792785621,1.084003698,1.82704449,0.749451653,overall warnings,NA
HOGDN,2019-07-13,0.171011373,0.074705374,-6.238601566,1.84109015,3.471643788,1.043290856,overall warnings,NA
HOGDN,2019-07-14,0.104646588,0.082848724,-4.336335917,1.283313692,3.269852356,0.938051133,overall warnings,NA
HOGDN,2019-07-15,0.167598309,0.071340501,-6.882747678,1.344235524,6.10874802,1.190866696,overall warnings,NA
HOGDN,2019-07-16,0.126682181,0.077492233,-5.462187288,1.423753254,4.521501033,1.189559206,overall warnings,NA
HOGDN,2019-07-17,0.125431927,0.056008215,-2.957362626,1.461512518,2.030204562,1.066412992,overall warnings,NA
HOGDN,2019-07-18,0.168747872,0.083431985,-4.311795571,1.323356815,2.670871821,0.832807655,overall warnings,NA
HOGDN,2019-07-19,0.099498132,0.054239568,-1.11453358,0.682477086,0.721056381,0.513022211,overall warnings,NA
HOGDN,2019-07-20,0.178382929,0.066196221,-2.472536912,1.08542086,1.093246687,0.546219093,overall warnings,NA
HOGDN,2019-07-21,0.081769025,0.094061122,-4.433357552,2.069891941,1.95782388,0.906668693,overall warnings,NA
HOGDN,2019-07-22,0.10010631,0.093658883,-6.038092809,2.227486255,2.835656698,1.064287022,overall warnings,NA
HOGDN,2019-07-23,0.113063739,0.085020266,-4.845873715,2.16278939,2.394534646,1.071738866,overall warnings,NA
HOGDN,2019-07-24,0.118673212,0.097024477,-0.444678185,0.50137058,0.278612184,0.219363563,overall warnings,NA
HOGDN,2019-07-25,0.097763865,0.102879713,-6.316489072,2.797400342,2.041955175,0.989380391,overall warnings,NA
HOGDN,2019-07-26,0.164999814,0.100584979,-4.008999928,1.843752757,1.476689367,0.68945669,overall warnings,NA
HOGDN,2019-07-27,0.120536222,0.074019198,-2.809051386,1.709755903,1.134990932,0.71359919,overall warnings,NA
HOGDN,2019-07-28,0.21543756,0.086570177,-4.868567507,2.144381837,2.071177801,0.947130484,overall warnings,NA
HOGDN,2019-07-29,NA,NA,NA,NA,NA,NA,overall warnings,NAs in light
HOGDN,2019-07-30,NA,NA,NA,NA,NA,NA,overall warnings,NAs in DO.obs; NAs in light
HOGDN,2019-07-31,NA,NA,NA,NA,NA,NA,overall warnings,data don't end when expected; NAs in light
HOGUP,2019-04-11,NA,NA,NA,NA,NA,NA,overall warnings,data don't start when expected
HOGUP,2019-04-12,0.13468283,0.069245247,-3.125397082,0.615449821,8.644915848,1.675919943,overall warnings,NA
HOGUP,2019-04-13,0.142754479,0.076114187,-3.4313961,0.720343169,9.659420492,1.965603321,overall warnings,NA
HOGUP,2019-04-14,0.27435122,0.097645133,-3.270084306,0.673123453,9.036111423,1.791705045,overall warnings,NA
HOGUP,2019-04-15,0.15612505,0.069190858,-2.572329406,0.541879623,9.33660546,1.700283702,overall warnings,NA
HOGUP,2019-04-16,0.142848145,0.068928053,-2.437830896,0.447608732,8.966171117,1.579108718,overall warnings,NA
HOGUP,2019-04-17,0.119436639,0.078362255,-2.255936775,0.492359957,7.301640949,1.526358972,overall warnings,NA
HOGUP,2019-04-18,-0.212891126,0.072690446,-0.680205985,0.456019422,1.988771524,1.080715719,overall warnings,NA
HOGUP,2019-04-19,0.272843088,0.083801092,-0.200005945,0.157800746,0.130230649,0.123263765,overall warnings,NA
HOGUP,2019-04-20,-0.073351436,0.061524414,-1.914005774,0.647767685,6.800194466,2.001839867,overall warnings,NA
HOGUP,2019-04-21,-0.049968445,0.061582254,-2.261327953,0.578945568,8.666108574,2.011387561,overall warnings,NA
HOGUP,2019-04-22,-0.027803032,0.061019449,-2.529011336,0.572735724,9.450624373,2.034528786,overall warnings,NA
HOGUP,2019-04-23,-0.0248749,0.064090018,-2.64969436,0.570042765,9.466942669,1.921969118,overall warnings,NA
HOGUP,2019-04-24,0.059554698,0.063056016,-2.46723896,0.493774692,9.868913421,1.871432254,overall warnings,NA
HOGUP,2019-04-25,0.037572221,0.072389733,-1.643553312,0.438814025,6.239342906,1.626356717,overall warnings,NA
HOGUP,2019-04-26,-0.04160262,0.061754505,-0.450608661,0.421962147,1.411820108,0.960411563,overall warnings,NA
HOGUP,2019-04-27,-0.01869754,0.059034765,-2.500707897,0.591314159,9.680469012,2.074458638,overall warnings,NA
HOGUP,2019-04-28,0.015823237,0.061781615,-2.491254328,0.517439022,9.736407191,1.932890236,overall warnings,NA
HOGUP,2019-04-29,0.065469705,0.063990607,-2.638237867,0.528392947,9.877464361,1.878442969,overall warnings,NA
HOGUP,2019-04-30,0.095413524,0.067228044,-2.742560073,0.550215087,9.787365362,1.882074165,overall warnings,NA
HOGUP,2019-05-01,0.109653523,0.063104603,-2.951757871,0.574428583,10.07360917,1.883389722,overall warnings,NA
HOGUP,2019-05-02,0.067344767,0.074438789,-1.427675208,0.474983078,3.220257543,1.100248072,overall warnings,NA
HOGUP,2019-05-03,-0.204364412,0.082836729,-0.231014679,0.350430052,0.987078942,0.727012023,overall warnings,NA
HOGUP,2019-05-04,0.042354164,0.066489163,-3.455692799,0.795260143,9.382595153,2.097740943,overall warnings,NA
HOGUP,2019-05-05,-0.024113698,0.089858388,-0.078503273,0.161813266,0.165848109,0.150402579,overall warnings,NA
HOGUP,2019-05-06,-0.091485074,0.06073662,-2.386583586,0.710242356,7.215589664,1.977335738,overall warnings,NA
HOGUP,2019-05-07,-0.02314378,0.058839275,-2.566267041,0.579564817,9.308533345,1.987577098,overall warnings,NA
HOGUP,2019-05-08,-0.014162585,0.058780753,-2.575437281,0.547062381,9.997285009,1.989723936,overall warnings,NA
HOGUP,2019-05-09,0.017079487,0.0682002,-2.588649341,0.541344559,10.16101587,2.020134262,overall warnings,NA
HOGUP,2019-05-10,0.064088462,0.063923147,-2.68407036,0.524799355,10.33873222,1.940300015,overall warnings,NA
HOGUP,2019-05-11,0.080895603,0.063386547,-2.621415083,0.494176263,10.16219273,1.831088171,overall warnings,NA
HOGUP,2019-05-12,0.141127255,0.073459623,-2.166057485,0.47036139,7.473820857,1.566426111,overall warnings,NA
HOGUP,2019-05-13,0.13128184,0.076612437,-2.617725887,0.496634619,9.630624594,1.708154029,overall warnings,NA
HOGUP,2019-05-14,0.097073529,0.061920072,-2.107617925,0.417267564,9.143195875,1.639804485,overall warnings,NA
HOGUP,2019-05-15,0.142293711,0.061344592,-2.111527952,0.391542967,10.33913369,1.762766484,overall warnings,NA
HOGUP,2019-05-16,0.120247884,0.06086347,-2.026633688,0.36650872,9.67996058,1.623104184,overall warnings,NA
HOGUP,2019-05-17,0.161217927,0.061288989,-2.1796238,0.384059479,10.0146092,1.691661468,overall warnings,NA
HOGUP,2019-05-18,0.237340564,0.066916583,-2.430081233,0.409507606,11.10081311,1.762523293,overall warnings,NA
HOGUP,2019-05-19,0.178791225,0.057060729,-2.104727472,0.345084516,9.386864824,1.497868325,overall warnings,NA
HOGUP,2019-05-20,0.201198862,0.060368965,-2.662853605,0.423161641,11.22928704,1.756080563,overall warnings,NA
HOGUP,2019-05-21,0.190620923,0.064838277,-2.058243609,0.366419984,8.503242697,1.440738725,overall warnings,NA
HOGUP,2019-05-22,0.203251402,0.063195157,-2.11303084,0.365380504,8.909990738,1.444492175,overall warnings,NA
HOGUP,2019-05-23,0.161659487,0.063811817,-2.371832892,0.415836031,10.39180092,1.70261443,overall warnings,NA
HOGUP,2019-05-24,0.166307387,0.059301765,-2.035134447,0.352346653,8.830464548,1.437516162,overall warnings,NA
HOGUP,2019-05-25,0.207777495,0.06781152,-2.182293817,0.379476656,9.093284729,1.488160056,overall warnings,NA
HOGUP,2019-05-26,0.20078828,0.059209695,-2.016925791,0.345176109,8.004003871,1.307319456,overall warnings,NA
HOGUP,2019-05-27,0.289659581,0.076978753,-2.206609472,0.386409957,8.367521355,1.387507272,overall warnings,NA
HOGUP,2019-05-28,0.160610686,0.063797263,-0.66706543,0.172181315,0.257666587,0.214070582,overall warnings,NA
HOGUP,2019-05-29,-0.032575515,0.053089178,-2.71205547,0.630125958,6.197076173,1.293483463,overall warnings,NA
HOGUP,2019-05-30,0.024486145,0.056608455,-3.675120926,0.660917788,10.51736574,1.80813218,overall warnings,NA
HOGUP,2019-05-31,-0.12925345,0.061784535,-0.322007768,0.173066683,0.212297738,0.196872545,overall warnings,NA
HOGUP,2019-06-01,-0.072224446,0.061645633,-4.374008017,0.834449923,10.05004819,1.834642773,overall warnings,NA
HOGUP,2019-06-02,0.155232459,0.06121833,-4.375731574,0.713729568,11.06721632,1.798615493,overall warnings,NA
HOGUP,2019-06-03,0.184818028,0.07016798,-4.139269231,0.70490109,11.16254049,1.838027919,overall warnings,NA
HOGUP,2019-06-04,0.070457146,0.073130587,-0.827725698,0.375188465,1.359839284,0.605441032,overall warnings,NA
HOGUP,2019-06-05,0.02257397,0.060707756,-3.120086396,0.790298381,6.09615146,1.493141219,overall warnings,NA
HOGUP,2019-06-06,0.066295239,0.065469536,-3.708137439,0.648111475,10.36485286,1.732888758,overall warnings,NA
HOGUP,2019-06-07,-0.055549658,0.061062028,-1.404004823,0.610538282,2.982443749,1.260097701,overall warnings,NA
HOGUP,2019-06-08,0.18136598,0.076531208,-3.092332502,0.584699466,6.105670856,1.107408011,overall warnings,NA
HOGUP,2019-06-09,-0.11755101,0.087923525,-1.35732485,0.615284302,2.99870208,1.143637302,overall warnings,NA
HOGUP,2019-06-10,-0.026599687,0.0659979,-3.76816244,0.834942517,9.640230468,2.086625031,overall warnings,NA
HOGUP,2019-06-11,-0.365205337,0.060578234,-1.352670286,0.592054785,3.302885351,1.183571382,overall warnings,NA
HOGUP,2019-06-12,NA,NA,NA,NA,NA,NA,overall warnings,NAs in DO.obs
HOGUP,2019-06-13,NA,NA,NA,NA,NA,NA,overall warnings,NAs in DO.obs; NAs in DO.sat; NAs in temp.water
HOGUP,2019-06-14,NA,NA,NA,NA,NA,NA,overall warnings,NAs in DO.obs; NAs in DO.sat; NAs in temp.water
HOGUP,2019-06-15,NA,NA,NA,NA,NA,NA,overall warnings,NAs in DO.obs; NAs in DO.sat; NAs in temp.water
HOGUP,2019-06-16,NA,NA,NA,NA,NA,NA,overall warnings,NAs in DO.obs; NAs in DO.sat; NAs in temp.water
HOGUP,2019-06-17,NA,NA,NA,NA,NA,NA,overall warnings,NAs in DO.obs; NAs in DO.sat; NAs in temp.water
HOGUP,2019-06-18,NA,NA,NA,NA,NA,NA,overall warnings,NAs in DO.obs; NAs in DO.sat; NAs in temp.water
HOGUP,2019-06-19,NA,NA,NA,NA,NA,NA,overall warnings,NAs in DO.sat; NAs in temp.water
HOGUP,2019-06-20,NA,NA,NA,NA,NA,NA,overall warnings,NAs in DO.obs; NAs in DO.sat; NAs in temp.water
HOGUP,2019-06-21,NA,NA,NA,NA,NA,NA,overall warnings,NAs in DO.obs; NAs in DO.sat; NAs in temp.water
HOGUP,2019-06-22,NA,NA,NA,NA,NA,NA,overall warnings,NAs in DO.obs; NAs in DO.sat; NAs in temp.water
HOGUP,2019-06-23,NA,NA,NA,NA,NA,NA,overall warnings,NAs in DO.obs; NAs in DO.sat; NAs in temp.water
HOGUP,2019-06-24,NA,NA,NA,NA,NA,NA,overall warnings,NAs in DO.obs; NAs in DO.sat; NAs in temp.water
HOGUP,2019-06-25,NA,NA,NA,NA,NA,NA,overall warnings,NAs in DO.obs; NAs in DO.sat; NAs in temp.water
HOGUP,2019-06-26,NA,NA,NA,NA,NA,NA,overall warnings,NAs in DO.obs; NAs in DO.sat; NAs in temp.water
HOGUP,2019-06-27,NA,NA,NA,NA,NA,NA,overall warnings,NAs in DO.obs; NAs in DO.sat; NAs in temp.water
HOGUP,2019-06-28,NA,NA,NA,NA,NA,NA,overall warnings,NAs in DO.obs; NAs in DO.sat; NAs in temp.water
HOGUP,2019-06-29,NA,NA,NA,NA,NA,NA,overall warnings,NAs in DO.obs; NAs in DO.sat; NAs in temp.water
HOGUP,2019-06-30,NA,NA,NA,NA,NA,NA,overall warnings,NAs in DO.obs; NAs in DO.sat; NAs in temp.water
HOGUP,2019-07-01,NA,NA,NA,NA,NA,NA,overall warnings,NAs in DO.obs; NAs in DO.sat; NAs in temp.water
HOGUP,2019-07-02,NA,NA,NA,NA,NA,NA,overall warnings,NAs in DO.obs; NAs in DO.sat; NAs in temp.water
HOGUP,2019-07-03,NA,NA,NA,NA,NA,NA,overall warnings,NAs in DO.obs; NAs in DO.sat; NAs in temp.water
HOGUP,2019-07-04,NA,NA,NA,NA,NA,NA,overall warnings,NAs in DO.obs; NAs in DO.sat; NAs in temp.water
HOGUP,2019-07-05,NA,NA,NA,NA,NA,NA,overall warnings,NAs in DO.obs; NAs in DO.sat; NAs in temp.water
HOGUP,2019-07-06,NA,NA,NA,NA,NA,NA,overall warnings,NAs in DO.obs; NAs in DO.sat; NAs in temp.water
HOGUP,2019-07-07,NA,NA,NA,NA,NA,NA,overall warnings,NAs in DO.obs; NAs in DO.sat; NAs in temp.water
HOGUP,2019-07-08,NA,NA,NA,NA,NA,NA,overall warnings,NAs in DO.obs; NAs in DO.sat; NAs in temp.water
HOGUP,2019-07-09,NA,NA,NA,NA,NA,NA,overall warnings,NAs in DO.obs; NAs in DO.sat; NAs in temp.water
HOGUP,2019-07-10,-0.006124896,0.064552935,-2.955807682,0.679420248,9.725948816,2.131880586,overall warnings,NA
HOGUP,2019-07-11,0.013699964,0.057844625,-1.549867848,0.474288516,3.954568195,1.16831137,overall warnings,NA
HOGUP,2019-07-12,-0.052691926,0.050911847,-0.199301521,0.226950545,0.390904475,0.343205725,overall warnings,NA
HOGUP,2019-07-13,-0.074518934,0.059253048,-2.51834527,0.780021556,6.916337096,2.021184286,overall warnings,NA
HOGUP,2019-07-14,-0.060173321,0.066399858,-3.01898465,0.721639414,8.782400653,1.995731616,overall warnings,NA
HOGUP,2019-07-15,-0.063047196,0.053755446,-0.648899499,0.406055717,1.628490797,0.907529202,overall warnings,NA
HOGUP,2019-07-16,-0.072238525,0.054045256,-0.271630834,0.23439099,0.462755892,0.404394561,overall warnings,NA
HOGUP,2019-07-17,-0.048230227,0.045621766,-0.049545162,0.153185812,0.165144693,0.153291958,overall warnings,NA
HOGUP,2019-07-18,-0.032868194,0.06765457,-2.875996876,0.83621042,6.955720855,1.968612038,overall warnings,NA
HOGUP,2019-07-19,-0.108185979,0.054409193,-0.704241472,0.457697011,1.88887436,0.919061509,overall warnings,NA
HOGUP,2019-07-20,-0.063862206,0.051361468,-0.238244993,0.241557588,0.479036551,0.382243721,overall warnings,NA
HOGUP,2019-07-21,0.026423516,0.055423205,-1.56239679,0.599048215,3.388835105,1.214458531,overall warnings,NA
HOGUP,2019-07-22,-0.075879514,0.056576538,-2.276207227,0.751884106,5.748681495,1.819044004,overall warnings,NA
HOGUP,2019-07-23,-0.086144769,0.056677057,-1.090795649,0.605225594,2.513013667,1.287053075,overall warnings,NA
HOGUP,2019-07-24,-0.093518807,0.078289485,0.052278034,0.187769528,0.215092339,0.197695107,overall warnings,NA
HOGUP,2019-07-25,-0.10187001,0.088971848,-1.833324585,0.911592172,4.022000097,1.858350265,overall warnings,NA
HOGUP,2019-07-26,-0.084598624,0.09334216,-1.54790676,0.815012567,3.433985442,1.690974381,overall warnings,NA
HOGUP,2019-07-27,-0.183559065,0.076093892,-1.496703734,0.787798807,3.440462246,1.651296014,overall warnings,NA
HOGUP,2019-07-28,-0.072558273,0.067590611,-1.639743836,0.845724789,3.826352313,1.863538794,overall warnings,NA
HOGUP,2019-07-29,NA,NA,NA,NA,NA,NA,overall warnings,NAs in light
HOGUP,2019-07-30,NA,NA,NA,NA,NA,NA,overall warnings,NAs in light
HOGUP,2019-07-31,NA,NA,NA,NA,NA,NA,overall warnings,data don't end when expected; NAs in light
POS,2019-02-23,0.767245733,0.191335785,-4.632944545,0.834295604,24.05314678,4.164327493,overall warnings,NA
POS,2019-02-24,0.570330296,0.178902017,-3.719624937,0.793398119,16.26670084,3.134249169,overall warnings,NA
POS,2019-02-25,0.524905449,0.158391033,-4.101652532,0.774013142,24.73917815,4.186745924,overall warnings,NA
POS,2019-02-26,0.325446512,0.14354574,-4.380400017,0.847476333,25.77246973,4.859277649,overall warnings,NA
POS,2019-02-27,NA,NA,NA,NA,NA,NA,overall warnings,NAs in DO.obs; NAs in DO.sat; NAs in temp.water
POS,2019-02-28,NA,NA,NA,NA,NA,NA,overall warnings,NAs in DO.obs; NAs in DO.sat; NAs in temp.water
POS,2019-03-01,0.392706344,0.130117732,-4.864165603,0.86140059,24.88616469,4.229840343,overall warnings,NA
POS,2019-03-02,0.317080967,0.114156682,-2.802435512,0.632940563,11.06352723,2.492771534,overall warnings,NA
POS,2019-03-03,NA,NA,NA,NA,NA,NA,overall warnings,NAs in DO.obs
POS,2019-03-04,NA,NA,NA,NA,NA,NA,overall warnings,NAs in DO.obs
POS,2019-03-05,NA,NA,NA,NA,NA,NA,overall warnings,NAs in DO.obs
POS,2019-03-06,0.145998174,0.115483069,-3.153801781,0.643826203,25.029666,4.365849151,overall warnings,NA
POS,2019-03-07,0.158042251,0.131913498,-3.117803336,0.660965439,24.44922556,4.732536567,overall warnings,NA
POS,2019-03-08,0.187016471,0.13302699,-3.156608391,0.636560846,23.4605435,4.223815815,overall warnings,NA
POS,2019-03-09,0.315688344,0.155116344,-3.463406481,0.703171207,23.13207808,4.423653861,overall warnings,NA
POS,2019-03-10,0.251269872,0.121515167,-3.822873712,0.725344721,23.30248874,4.108359044,overall warnings,NA
POS,2019-03-11,0.305426826,0.147953656,-3.70572662,0.77369057,21.94849464,4.257679005,overall warnings,NA
POS,2019-03-12,0.161039173,0.111599216,-3.61146911,0.762655912,22.52489866,4.271560434,overall warnings,NA
POS,2019-03-13,0.371404182,0.180459995,-2.870790362,0.737044344,12.96547485,3.219069816,overall warnings,NA
POS,2019-03-14,-0.183210546,0.098474608,-0.658327933,0.4207933,1.585634059,0.921895124,overall warnings,NA
POS,2019-03-15,-0.452162929,0.121935492,-3.856413564,0.884387254,4.891155805,1.1149048,overall warnings,NA
POS,2019-03-16,-0.580664018,0.126935625,0.264552917,0.32795963,2.420862529,0.885898471,overall warnings,NA
POS,2019-03-17,0.321299774,0.146247991,-4.083466443,0.800001698,19.93045885,3.760321201,overall warnings,NA
POS,2019-03-18,-0.032575462,0.123673161,-2.59262031,0.884227621,7.751612721,2.508512905,overall warnings,NA
POS,2019-03-19,-0.573432648,0.122298836,-0.370415655,0.528592833,0.957352994,0.638688952,overall warnings,NA
POS,2019-03-20,-0.014653617,0.114787451,-0.039285028,0.329446375,1.415637331,0.731515625,overall warnings,NA
POS,2019-03-21,-0.304829407,0.11698164,-0.767392903,0.457628989,1.623702455,0.828763868,overall warnings,NA
POS,2019-03-22,0.335613643,0.100680481,-0.402786708,0.269233257,2.273015278,0.635275962,overall warnings,NA
POS,2019-03-23,0.088017198,0.124687388,-2.616642514,0.560858177,20.8736199,3.829053725,overall warnings,NA
POS,2019-03-24,0.142926444,0.124760692,-2.764017332,0.569815817,20.43045834,3.772201256,overall warnings,NA
POS,2019-03-25,0.256131623,0.147557607,-3.32540248,0.68461668,22.16934802,4.128934283,overall warnings,NA
POS,2019-03-26,0.142067215,0.120288193,-2.89799382,0.62109238,19.6636803,3.807639171,overall warnings,NA
POS,2019-03-27,-0.168008585,0.096185128,-3.467288464,0.749362087,13.88936816,2.875861849,overall warnings,NA
POS,2019-03-28,0.107007834,0.133685955,-1.870939499,0.559995105,5.504711974,1.592410098,overall warnings,NA
POS,2019-03-29,NA,NA,NA,NA,NA,NA,overall warnings,NAs in DO.obs
POS,2019-03-30,NA,NA,NA,NA,NA,NA,overall warnings,NAs in DO.obs
POS,2019-03-31,0.295475789,0.159793806,-2.478827413,0.600411639,12.11533534,2.643212811,overall warnings,NA
POS,2019-04-01,0.214407425,0.145798008,-4.555683169,0.939756608,22.29708251,4.316475536,overall warnings,NA
POS,2019-04-02,-0.287905816,0.125358388,-3.692294895,0.87053424,17.87711666,3.949992836,overall warnings,NA
POS,2019-04-03,0.036327709,0.116062093,-3.765756713,0.755762684,22.61891758,4.10961529,overall warnings,NA
POS,2019-04-04,0.091970131,0.104995089,-4.037753542,0.698111101,23.15013553,3.903739882,overall warnings,NA
POS,2019-04-05,0.161238971,0.136942465,-4.855844122,0.925167812,24.76031669,4.468916632,overall warnings,NA
POS,2019-04-06,0.153434801,0.153184945,-4.49517778,0.908940531,22.82008447,4.245966638,overall warnings,NA
POS,2019-04-07,0.195434101,0.147203846,-4.466800544,0.879781324,21.84465532,4.007599509,overall warnings,NA
POS,2019-04-08,-0.130865595,0.151493884,-1.620107247,0.661861264,6.490845783,2.134155067,overall warnings,NA
POS,2019-04-09,-0.306047203,0.147262106,-0.715676199,0.535638803,2.539543238,1.523833026,overall warnings,NA
POS,2019-04-10,-0.056298876,0.115544726,-6.163508327,1.186611461,23.49174298,4.272824644,overall warnings,NA
POS,2019-04-11,-0.08462311,0.142385458,-5.274587824,1.060816682,21.14595609,3.993077286,overall warnings,NA
POS,2019-04-12,-0.213239949,0.117366764,-3.550014347,0.842659005,15.39653636,3.298514584,overall warnings,NA
POS,2019-04-13,0.317078027,0.157750139,-5.40661041,0.971387821,25.01451275,4.302309843,overall warnings,NA
POS,2019-04-14,0.110086421,0.133995228,-5.842577239,1.031393274,27.25761808,4.501635971,overall warnings,NA
POS,2019-04-15,-0.093701687,0.089307195,-3.667853048,0.680748229,24.32539332,3.866847383,overall warnings,NA
POS,2019-04-16,-0.054556095,0.081189701,-3.425900116,0.60257719,22.82022782,3.755316563,overall warnings,NA
POS,2019-04-17,0.015906724,0.115213293,-3.871900896,0.686302317,23.67701239,3.91169722,overall warnings,NA
POS,2019-04-18,0.105660915,0.104792484,-4.220899378,0.738253937,23.13027749,3.899055466,overall warnings,NA
POS,2019-04-19,0.067456832,0.11534689,-0.347293107,0.261311546,0.487846853,0.421403873,overall warnings,NA
POS,2019-04-20,-0.11539848,0.118530353,-3.274219104,0.786399194,15.44378398,3.209836217,overall warnings,NA
POS,2019-04-21,-0.074501795,0.07924282,-4.723334485,0.760035042,27.8351586,4.172141154,overall warnings,NA
POS,2019-04-22,-0.0451789,0.071351181,-4.260074054,0.712271889,25.78733643,4.12574357,overall warnings,NA
POS,2019-04-23,-0.074589584,0.091512097,-4.284349677,0.681474874,26.50491454,3.970952123,overall warnings,NA
POS,2019-04-24,0.026515196,0.117306572,-4.792352309,0.773222776,30.36771743,4.573287685,overall warnings,NA
POS,2019-04-25,0.147885898,0.134974888,-4.879182396,0.786401211,29.49880947,4.490073202,overall warnings,NA
POS,2019-04-26,-0.112834568,0.092494447,-2.916209915,0.859727496,10.10418433,2.854351735,overall warnings,NA
POS,2019-04-27,-0.041793102,0.077923511,-5.560460333,0.815853998,29.95289282,4.100252791,overall warnings,NA
POS,2019-04-28,-0.00706543,0.092506485,-5.294670146,0.749073198,30.22900164,4.089636173,overall warnings,NA
POS,2019-04-29,-0.015305699,0.076926636,-5.589800819,0.788041382,31.6487481,4.263111779,overall warnings,NA
POS,2019-04-30,-0.029174554,0.097781877,-5.473398215,0.796206312,30.13790015,4.153575354,overall warnings,NA
POS,2019-05-01,0.008690682,0.092918738,-5.796665884,0.788988876,31.75526092,4.13719335,overall warnings,NA
POS,2019-05-02,0.271542836,0.123913383,-4.978050671,0.799566532,21.65036857,3.374558133,overall warnings,NA
POS,2019-05-03,-0.058991501,0.125246873,-2.544601307,0.721910809,9.536895254,2.441871846,overall warnings,NA
POS,2019-05-04,0.047502343,0.111818713,-8.616033394,1.079717381,36.87262589,4.516202754,overall warnings,NA
POS,2019-05-05,-0.278157657,0.126656955,-3.51469906,0.787519875,14.42704044,2.957758217,overall warnings,NA
POS,2019-05-06,0.065064456,0.118067484,-8.489003325,1.076809876,38.68176784,4.704020109,overall warnings,NA
POS,2019-05-07,0.023856261,0.107270459,-7.479830844,0.894032502,39.57681933,4.497190084,overall warnings,NA
POS,2019-05-08,0.01993036,0.086260889,-6.725885367,0.83830136,38.69089021,4.594268695,overall warnings,NA
POS,2019-05-09,0.206709094,0.126848054,-7.198435511,0.854027429,41.91082057,4.771545412,overall warnings,NA
POS,2019-05-10,0.22375588,0.125757872,-6.705753865,0.841856405,38.58672617,4.6116743,overall warnings,NA
POS,2019-05-11,0.167206408,0.127419,-6.215031642,0.802944127,35.4020801,4.304152341,overall warnings,NA
POS,2019-05-12,0.291531121,0.132596532,-6.607098558,0.858773277,36.75542675,4.551000653,overall warnings,NA
POS,2019-05-13,0.105873613,0.126484145,-5.84921691,0.779225968,35.28550275,4.383847723,overall warnings,NA
POS,2019-05-14,-0.003592909,0.091490114,-4.795638566,0.712282722,32.89919943,4.478414398,overall warnings,NA
POS,2019-05-15,0.110706747,0.090441163,-4.146860546,0.617488727,29.61249214,4.080804565,overall warnings,NA
POS,2019-05-16,0.139636911,0.112883221,-3.923858939,0.635488337,26.33244351,3.975592141,overall warnings,NA
POS,2019-05-17,0.132119642,0.094564957,-3.57190308,0.620330265,23.81003369,3.774771409,overall warnings,NA
POS,2019-05-18,0.123863678,0.105217799,-3.375463921,0.623019258,23.05416133,3.805639857,overall warnings,NA
POS,2019-05-19,0.030073453,0.068659351,-2.711706654,0.535781344,18.31107447,3.35969271,overall warnings,NA
POS,2019-05-20,0.203076172,0.149822176,-3.682914648,0.72756946,22.38625021,4.051619471,overall warnings,NA
POS,2019-05-21,0.0169102,0.083843738,-2.333870887,0.543873001,14.49487762,3.080733197,overall warnings,NA
POS,2019-05-22,0.034537819,0.08232842,-2.574899633,0.583630693,15.90201043,3.20812127,overall warnings,NA
POS,2019-05-23,0.105826196,0.089096299,-2.997488143,0.611625544,19.18118074,3.573321919,overall warnings,NA
POS,2019-05-24,0.002863779,0.070445578,-2.311216456,0.538335536,15.34235519,3.221435714,overall warnings,NA
POS,2019-05-25,0.046153532,0.080941912,-2.25158457,0.538821071,14.08016954,3.033722372,overall warnings,NA
POS,2019-05-26,0.020645708,0.081944644,-1.995336854,0.527817564,12.42650396,2.945715026,overall warnings,NA
POS,2019-05-27,0.032594449,0.104369879,-1.707654793,0.541387904,10.10791727,2.79833295,overall warnings,NA
POS,2019-05-28,0.142880417,0.124026194,-0.857112339,0.372031225,1.329033875,0.836326619,overall warnings,NA
POS,2019-05-29,-0.110877934,0.073380099,-2.099316034,0.877893668,6.597817387,2.308096928,overall warnings,NA
POS,2019-05-30,-0.069566801,0.092940936,-3.707638209,1.004849439,13.13476592,3.344655333,overall warnings,NA
POS,2019-05-31,-0.109343373,0.080359737,-2.342610663,0.861975457,7.418135886,2.589851731,overall warnings,NA
POS,2019-06-01,-0.040692698,0.074391411,-4.253636881,1.140152687,14.30218507,3.760458925,overall warnings,NA
POS,2019-06-02,0.06273721,0.094205486,-3.816621114,0.984659723,17.07171365,4.203222954,overall warnings,NA
POS,2019-06-03,0.053988812,0.093400483,-3.581511271,0.932877712,16.53257251,4.140954272,overall warnings,NA
POS,2019-06-04,-0.067575177,0.083853271,-0.382199781,0.299328614,0.736933209,0.566124986,overall warnings,NA
POS,2019-06-05,0.130158508,0.083669164,-8.346900002,1.35382231,21.90302605,3.474105595,overall warnings,NA
POS,2019-06-06,0.04886189,0.145634746,-3.071753687,0.808642012,11.31553284,2.773101645,overall warnings,NA
POS,2019-06-07,-0.198014774,0.149515761,-4.728703559,0.871259259,17.20688531,3.04222355,overall warnings,NA
POS,2019-06-08,0.217713862,0.132509253,-7.218405229,1.152377083,27.69133767,4.297005026,overall warnings,NA
POS,2019-06-09,-0.050218218,0.119904788,-0.923017492,0.539676367,1.788761593,1.142941061,overall warnings,NA
POS,2019-06-10,NA,NA,NA,NA,NA,NA,overall warnings,NAs in DO.obs
POS,2019-06-11,-0.284065416,0.096821543,-5.257042878,0.970204547,15.25027254,2.778682994,overall warnings,NA
POS,2019-06-12,-0.04830189,0.107199503,-0.350062983,0.33229787,0.447198799,0.342624995,overall warnings,NA
POS,2019-06-13,-0.202477623,0.130200729,-1.192288835,0.802126493,2.144994087,1.141942784,overall warnings,NA
POS,2019-06-14,-0.036491168,0.085618519,-4.653613422,1.214854347,11.97283033,2.967300529,overall warnings,NA
POS,2019-06-15,-0.063123512,0.106098213,-9.016733567,1.356433428,27.93951862,4.099871197,overall warnings,NA
POS,2019-06-16,-0.104235163,0.07030352,-9.462182887,1.228453406,32.48555774,4.158331815,overall warnings,NA
POS,2019-06-17,-0.759353079,0.131893486,0.109621139,0.396380685,1.290028862,0.868720935,overall warnings,NA
POS,2019-06-18,-0.247853275,0.13021293,-0.274894127,0.368029136,0.666550921,0.547208176,overall warnings,NA
POS,2019-06-19,-0.026545898,0.116142017,-0.452155662,0.325097044,0.352868312,0.310858125,overall warnings,NA
POS,2019-06-20,-0.140181792,0.091278317,-3.026703268,1.133996577,5.285174228,1.804478075,overall warnings,NA
POS,2019-06-21,-0.060956036,0.07713188,-5.469497039,1.358828485,13.22551808,3.19899559,overall warnings,NA
POS,2019-06-22,-0.022193337,0.10605567,-8.541429804,1.5112971,24.95852188,4.3538078,overall warnings,NA
POS,2019-06-23,-0.030067555,0.077999751,-8.975321076,1.412305569,29.10098089,4.490340225,overall warnings,NA
POS,2019-06-24,0.013991518,0.076711296,-9.294362594,1.306221848,32.9619638,4.574509914,overall warnings,NA
POS,2019-06-25,0.047714762,0.096455462,-9.276741788,1.247310817,33.89709742,4.468732825,overall warnings,NA
POS,2019-06-26,-0.013780373,0.076932986,-8.771400344,1.140646397,34.39345168,4.358745872,overall warnings,NA
POS,2019-06-27,-0.12728052,0.076852304,-7.448922604,1.015969989,30.17842756,4.022881576,overall warnings,NA
POS,2019-06-28,-0.015150353,0.086198533,-8.163095461,1.102372336,34.87102302,4.56306785,overall warnings,NA
POS,2019-06-29,-0.025107567,0.074999674,-7.737150574,1.037028638,35.4328362,4.630165774,overall warnings,NA
POS,2019-06-30,0.044812769,0.103187234,-7.689929769,0.985862463,34.89911254,4.373925645,overall warnings,NA
POS,2019-07-01,0.004146338,0.077935392,-7.218991945,0.981834687,31.06670363,4.13831207,overall warnings,NA
POS,2019-07-02,0.04119476,0.075883641,-1.452469276,0.522336269,3.718600839,1.474015339,overall warnings,NA
POS,2019-07-03,0.031241821,0.083533613,-1.405671148,0.686289291,3.704246467,1.603169387,overall warnings,NA
POS,2019-07-04,0.028442321,0.072677748,-2.271912614,0.863091769,5.564923289,2.018913779,overall warnings,NA
POS,2019-07-05,0.059415889,0.095246891,-0.462125145,0.378487101,0.88180813,0.671152319,overall warnings,NA
POS,2019-07-06,0.018956223,0.088289993,-6.228868166,1.36822292,17.98237722,3.851358267,overall warnings,NA
POS,2019-07-07,0.03639944,0.087127205,-8.392240012,1.324748328,29.07237248,4.513856215,overall warnings,NA
POS,2019-07-08,-0.021678972,0.077692901,-8.616602829,1.217630549,31.22355176,4.346334588,overall warnings,NA
POS,2019-07-09,-0.001641712,0.076764819,-8.337407057,1.174167133,31.61223124,4.335838846,overall warnings,NA
POS,2019-07-10,0.065145273,0.091145167,-8.013861579,1.136489716,31.14009915,4.319398778,overall warnings,NA
POS,2019-07-11,0.034558553,0.078392505,-1.794732215,0.613359011,5.212772743,1.728478214,overall warnings,NA
POS,2019-07-12,0.08187913,0.098966308,-5.033411665,1.071466957,14.32492993,2.964940688,overall warnings,NA
POS,2019-07-13,0.037736678,0.094719219,-8.17415343,1.28590685,26.80370103,4.112791595,overall warnings,NA
POS,2019-07-14,0.065290742,0.086145222,-8.493747035,1.210613191,29.57129033,4.131240149,overall warnings,NA
POS,2019-07-15,-0.008464656,0.092410163,-7.946883765,1.10669939,29.39758491,4.006749531,overall warnings,NA
POS,2019-07-16,-0.101395463,0.105712839,-2.123093284,0.753182308,6.436939123,2.086549717,overall warnings,NA
POS,2019-07-17,0.205299508,0.096923126,-7.923597542,1.250440823,25.07528823,3.899422925,overall warnings,NA
POS,2019-07-18,0.07270579,0.109768549,-8.031728407,1.204392171,28.84907276,4.226795497,overall warnings,NA
POS,2019-07-19,-0.21167699,0.122174947,-0.138043255,0.242318494,0.22549741,0.215955526,overall warnings,NA
POS,2019-07-20,0.008133947,0.069184593,-0.464464792,0.293115713,0.393808111,0.379966167,overall warnings,NA
POS,2019-07-21,-5.14E-04,0.084757049,-0.739103394,0.660566841,1.459299405,1.100879392,overall warnings,NA
POS,2019-07-22,-0.089186079,0.09837596,-6.30708052,1.555152023,14.96261735,3.563310834,overall warnings,NA
POS,2019-07-23,-0.479509759,0.127856636,-1.297170772,0.720718411,3.373901077,1.478551746,overall warnings,NA
POS,2019-07-24,0.041700946,0.117566445,-0.355706322,0.287775515,0.309702269,0.282072248,overall warnings,NA
POS,2019-07-25,-0.155254282,0.136103744,-3.213188796,1.084414233,7.630710307,2.357888308,overall warnings,NA
POS,2019-07-26,0.052958122,0.133090514,-5.529227548,1.456125154,13.11723248,3.362128122,overall warnings,NA
POS,2019-07-27,-0.017082155,0.112560417,-8.436391154,1.657869083,21.91721033,4.256718632,overall warnings,NA
POS,2019-07-28,-0.115181276,0.108727837,-8.316489437,1.646923385,23.30873727,4.51241682,overall warnings,NA
POS,2019-07-29,NA,NA,NA,NA,NA,NA,overall warnings,NAs in light
POS,2019-07-30,NA,NA,NA,NA,NA,NA,overall warnings,NAs in light
POS,2019-07-31,NA,NA,NA,NA,NA,NA,overall warnings,data don't end when expected; NAs in light
TUM,2019-02-23,1.660309453,0.3885105,-2.482249232,0.629501461,8.644503712,1.425700599,overall warnings,NA
TUM,2019-02-24,1.677288219,0.383433775,-2.516245705,0.656595017,9.995348793,1.669875602,overall warnings,NA
TUM,2019-02-25,1.05155771,0.308941475,-1.424439236,0.549455003,8.590935892,1.512633393,overall warnings,NA
TUM,2019-02-26,0.799933616,0.324501603,-2.613631164,0.650354337,10.17220432,1.714042289,overall warnings,NA
TUM,2019-02-27,1.546634315,0.363613865,-2.990928808,0.678144795,9.44590401,1.649812672,overall warnings,NA
TUM,2019-02-28,1.477206996,0.345958129,-2.399937804,0.62708245,9.204809142,1.509665067,overall warnings,NA
TUM,2019-03-01,1.314480014,0.311096988,-2.058973431,0.568224351,8.636004529,1.448142638,overall warnings,NA
TUM,2019-03-02,1.672829291,0.307363033,-3.048446188,0.614278012,9.445951428,1.48985387,overall warnings,NA
TUM,2019-03-03,0.353385813,0.250579144,-1.185567646,0.541918664,0.757226353,0.597407051,overall warnings,NA
TUM,2019-03-04,0.54586151,0.308402001,-4.509444469,0.961033692,8.755768151,1.612011187,overall warnings,NA
TUM,2019-03-05,0.493076148,0.247590371,-2.2315727,0.642339151,8.589657643,1.405176367,overall warnings,NA
TUM,2019-03-06,0.304649878,0.237731401,-1.47575573,0.544992786,9.803693838,1.692572615,overall warnings,NA
TUM,2019-03-07,0.487127528,0.248850127,-2.170669967,0.580714053,7.515459219,1.493818985,overall warnings,NA
TUM,2019-03-08,NA,NA,NA,NA,NA,NA,overall warnings,NAs in DO.obs
TUM,2019-03-09,NA,NA,NA,NA,NA,NA,overall warnings,NAs in DO.obs
TUM,2019-03-10,NA,NA,NA,NA,NA,NA,overall warnings,NAs in DO.obs
TUM,2019-03-11,NA,NA,NA,NA,NA,NA,overall warnings,NAs in DO.obs
TUM,2019-03-12,NA,NA,NA,NA,NA,NA,overall warnings,NAs in DO.obs
TUM,2019-03-13,NA,NA,NA,NA,NA,NA,overall warnings,NAs in DO.obs
TUM,2019-03-14,NA,NA,NA,NA,NA,NA,overall warnings,NAs in DO.obs
TUM,2019-03-15,NA,NA,NA,NA,NA,NA,overall warnings,NAs in DO.obs
TUM,2019-03-16,NA,NA,NA,NA,NA,NA,overall warnings,NAs in DO.obs
TUM,2019-03-17,NA,NA,NA,NA,NA,NA,overall warnings,NAs in DO.obs
TUM,2019-03-18,NA,NA,NA,NA,NA,NA,overall warnings,NAs in DO.obs
TUM,2019-03-19,NA,NA,NA,NA,NA,NA,overall warnings,NAs in DO.obs
TUM,2019-03-20,NA,NA,NA,NA,NA,NA,overall warnings,NAs in DO.obs
TUM,2019-03-21,NA,NA,NA,NA,NA,NA,overall warnings,NAs in DO.obs
TUM,2019-03-22,NA,NA,NA,NA,NA,NA,overall warnings,NAs in DO.obs
TUM,2019-03-23,0.624610488,0.269493757,-0.868980158,0.50457949,6.862162387,1.434201236,overall warnings,NA
TUM,2019-03-24,0.918739223,0.309385255,-1.201520216,0.522831198,6.800548488,1.340519084,overall warnings,NA
TUM,2019-03-25,0.951204898,0.320983523,-1.319307635,0.544411801,7.029446943,1.416858263,overall warnings,NA
TUM,2019-03-26,0.803084226,0.280129331,-1.076705935,0.51384646,6.232474164,1.263904141,overall warnings,NA
TUM,2019-03-27,NA,NA,NA,NA,NA,NA,overall warnings,NAs in DO.obs
TUM,2019-03-28,NA,NA,NA,NA,NA,NA,overall warnings,NAs in DO.obs
TUM,2019-03-29,NA,NA,NA,NA,NA,NA,overall warnings,NAs in DO.obs
TUM,2019-03-30,NA,NA,NA,NA,NA,NA,overall warnings,NAs in DO.obs
TUM,2019-03-31,NA,NA,NA,NA,NA,NA,overall warnings,NAs in DO.obs
TUM,2019-04-01,NA,NA,NA,NA,NA,NA,overall warnings,NAs in DO.obs
TUM,2019-04-02,NA,NA,NA,NA,NA,NA,overall warnings,NAs in DO.obs
TUM,2019-04-03,0.489125455,0.269087113,-1.495459408,0.542999415,9.212465583,1.663539126,overall warnings,NA
TUM,2019-04-04,1.287985388,0.387117113,-2.227661134,0.636117657,9.782465489,1.686491125,overall warnings,NA
TUM,2019-04-05,1.617866674,0.368790392,-2.888402095,0.663912024,9.80329491,1.53496576,overall warnings,NA
TUM,2019-04-06,1.674403217,0.407462241,-2.069122418,0.613970912,8.901791571,1.540195254,overall warnings,NA
TUM,2019-04-07,2.312942053,0.474760961,-2.382386431,0.638575851,9.351620982,1.584315225,overall warnings,NA
TUM,2019-04-08,1.954690538,0.429481316,-3.63822851,0.717482552,7.380608488,1.245772592,overall warnings,NA
TUM,2019-04-09,1.139536354,0.303548991,-4.086752963,0.786405035,9.993130645,1.588804721,overall warnings,NA
TUM,2019-04-10,1.815960822,0.407684129,-3.138080624,0.703641366,10.15137072,1.629366519,overall warnings,NA
TUM,2019-04-11,1.44261198,0.409249482,-2.005974711,0.640181818,8.283263992,1.550344579,overall warnings,NA
TUM,2019-04-12,2.326379664,0.464433406,-2.817464873,0.649418616,9.156010312,1.550892619,overall warnings,NA
TUM,2019-04-13,1.834421207,0.389558236,-4.732929417,0.87716512,8.636230194,1.452812619,overall warnings,NA
TUM,2019-04-14,NA,NA,NA,NA,NA,NA,overall warnings,NAs in DO.obs
TUM,2019-04-15,-0.175496642,0.328802457,-8.731151217,1.6426359,9.493211295,1.621064894,overall warnings,NA
TUM,2019-04-16,0.444028168,0.367652122,-5.068581873,1.144259054,8.04231304,1.497831383,overall warnings,NA
TUM,2019-04-17,0.138746063,0.317199648,-4.467090145,1.062608765,7.587825079,1.460200633,overall warnings,NA
TUM,2019-04-18,1.934968102,0.504168747,-4.559237297,0.995901472,5.858205562,1.245852803,overall warnings,NA
TUM,2019-04-19,NA,NA,NA,NA,NA,NA,overall warnings,NAs in DO.obs
TUM,2019-04-20,NA,NA,NA,NA,NA,NA,overall warnings,NAs in DO.obs
TUM,2019-04-21,NA,NA,NA,NA,NA,NA,overall warnings,NAs in DO.obs
TUM,2019-04-22,NA,NA,NA,NA,NA,NA,overall warnings,NAs in DO.obs
TUM,2019-04-23,NA,NA,NA,NA,NA,NA,overall warnings,NAs in DO.obs
TUM,2019-04-24,NA,NA,NA,NA,NA,NA,overall warnings,NAs in DO.obs
TUM,2019-04-25,2.372309225,0.490938806,-2.324431776,0.627081993,9.266314741,1.548279283,overall warnings,NA
TUM,2019-04-26,0.970828427,0.306573975,-3.666313215,0.754659726,11.30392544,1.662904223,overall warnings,NA
TUM,2019-04-27,1.896000795,0.447012558,-2.961352146,0.713454209,10.55416397,1.745523108,overall warnings,NA
TUM,2019-04-28,2.344360519,0.512558345,-3.284220136,0.758689526,9.912129995,1.629619386,overall warnings,NA
TUM,2019-04-29,2.49612272,0.527655421,-3.094341237,0.720149214,10.28273942,1.648942797,overall warnings,NA
TUM,2019-04-30,2.259797399,0.487871701,-2.475842467,0.663746665,8.913961764,1.473258496,overall warnings,NA
TUM,2019-05-01,2.910549097,0.561894391,-2.713365282,0.684170474,9.203809938,1.524616788,overall warnings,NA
TUM,2019-05-02,NA,NA,NA,NA,NA,NA,overall warnings,NAs in DO.obs
TUM,2019-05-03,NA,NA,NA,NA,NA,NA,overall warnings,NAs in DO.obs
TUM,2019-05-04,NA,NA,NA,NA,NA,NA,overall warnings,NAs in DO.obs
TUM,2019-05-05,NA,NA,NA,NA,NA,NA,overall warnings,NAs in DO.obs
TUM,2019-05-06,NA,NA,NA,NA,NA,NA,overall warnings,NAs in DO.obs
TUM,2019-05-07,NA,NA,NA,NA,NA,NA,overall warnings,NAs in DO.obs
TUM,2019-05-08,NA,NA,NA,NA,NA,NA,overall warnings,NAs in DO.obs
TUM,2019-05-09,NA,NA,NA,NA,NA,NA,overall warnings,NAs in DO.obs
TUM,2019-05-10,NA,NA,NA,NA,NA,NA,overall warnings,NAs in DO.obs
TUM,2019-05-11,NA,NA,NA,NA,NA,NA,overall warnings,NAs in DO.obs
TUM,2019-05-12,NA,NA,NA,NA,NA,NA,overall warnings,NAs in DO.obs
TUM,2019-05-13,NA,NA,NA,NA,NA,NA,overall warnings,NAs in DO.obs
TUM,2019-05-14,NA,NA,NA,NA,NA,NA,overall warnings,NAs in DO.obs
TUM,2019-05-15,NA,NA,NA,NA,NA,NA,overall warnings,NAs in DO.obs
TUM,2019-05-16,NA,NA,NA,NA,NA,NA,overall warnings,NAs in DO.obs
TUM,2019-05-17,NA,NA,NA,NA,NA,NA,overall warnings,NAs in DO.obs
TUM,2019-05-18,NA,NA,NA,NA,NA,NA,overall warnings,NAs in DO.obs
TUM,2019-05-19,NA,NA,NA,NA,NA,NA,overall warnings,NAs in DO.obs
TUM,2019-05-20,NA,NA,NA,NA,NA,NA,overall warnings,NAs in DO.obs
TUM,2019-05-21,NA,NA,NA,NA,NA,NA,overall warnings,NAs in DO.obs
TUM,2019-05-22,NA,NA,NA,NA,NA,NA,overall warnings,NAs in DO.obs
TUM,2019-05-23,NA,NA,NA,NA,NA,NA,overall warnings,NAs in DO.obs
TUM,2019-05-24,NA,NA,NA,NA,NA,NA,overall warnings,NAs in DO.obs
TUM,2019-05-25,4.051313547,0.742782286,-2.786094107,0.703082003,9.51380257,1.53213467,overall warnings,NA
TUM,2019-05-26,4.243255398,0.780708864,-3.083954879,0.750090044,9.858022873,1.637137638,overall warnings,NA
TUM,2019-05-27,4.177140602,0.684676751,-2.8615491,0.65292951,9.718615329,1.453009569,overall warnings,NA
TUM,2019-05-28,3.97778546,0.593700342,-4.234848007,0.689428431,7.901730792,1.202354234,overall warnings,NA
TUM,2019-05-29,2.168576769,0.463453494,-5.669812597,1.024618808,10.59776193,1.633385855,overall warnings,NA
TUM,2019-05-30,3.120717934,0.5524681,-4.008834171,0.777867399,10.91554249,1.63030208,overall warnings,NA
TUM,2019-05-31,1.285390959,0.381113019,-3.321513858,0.707583846,5.714637006,1.093048921,overall warnings,NA
TUM,2019-06-01,1.806292363,0.457261991,-3.106935165,0.737176996,9.525053461,1.604097838,overall warnings,NA
TUM,2019-06-02,2.580938407,0.537611978,-2.841274925,0.706211255,10.03404552,1.620931398,overall warnings,NA
TUM,2019-06-03,2.704301218,0.490751779,-2.540515816,0.619959063,9.702169127,1.513966677,overall warnings,NA
TUM,2019-06-04,NA,NA,NA,NA,NA,NA,overall warnings,NAs in DO.obs
TUM,2019-06-05,NA,NA,NA,NA,NA,NA,overall warnings,NAs in DO.obs
TUM,2019-06-06,NA,NA,NA,NA,NA,NA,overall warnings,NAs in DO.obs
TUM,2019-06-07,NA,NA,NA,NA,NA,NA,overall warnings,NAs in DO.obs
TUM,2019-06-08,NA,NA,NA,NA,NA,NA,overall warnings,NAs in DO.obs
TUM,2019-06-09,NA,NA,NA,NA,NA,NA,overall warnings,NAs in DO.obs
TUM,2019-06-10,1.017223485,0.367998593,-2.896071933,0.714580382,10.13843065,1.690559456,overall warnings,NA
TUM,2019-06-11,1.81920117,0.466462572,-2.719609995,0.728333906,9.337885359,1.640152402,overall warnings,NA
TUM,2019-06-12,NA,NA,NA,NA,NA,NA,overall warnings,NAs in DO.obs
TUM,2019-06-13,NA,NA,NA,NA,NA,NA,overall warnings,NAs in DO.obs
TUM,2019-06-14,1.113934559,0.381425016,-3.137348221,0.728143802,10.17055697,1.726854824,overall warnings,NA
TUM,2019-06-15,1.843875056,0.371219662,-3.590199025,0.672396079,10.35306768,1.548136392,overall warnings,NA
TUM,2019-06-16,3.200514486,0.529086067,-4.734055308,0.829582075,10.48723356,1.581804147,overall warnings,NA
TUM,2019-06-17,NA,NA,NA,NA,NA,NA,overall warnings,data don't end when expected; NAs in DO.obs; NAs in DO.sat; NAs in temp.water; NAs in light
