id,date,GPP_daily,ER_daily,K600_daily
HAT,2/24/2019,-0.029354463,-4.970259369,4.587967779
HAT,2/25/2019,-0.108007309,-2.879106304,3.450065228
HAT,2/26/2019,-0.067364034,-3.801670107,4.741486079
HAT,2/27/2019,-0.087304532,-3.697589148,4.55250704
HAT,2/28/2019,-0.139496989,-3.9818967,4.894463949
HAT,3/1/2019,-0.070199098,-2.030409887,2.242535653
HAT,3/2/2019,-0.00579862,-0.922721303,0.720911376
HAT,3/3/2019,0.016134574,-7.765000822,6.005689806
HAT,3/4/2019,-0.041727279,-6.549194791,5.098159142
HAT,3/5/2019,-0.013279372,-2.269533391,2.536273272
HAT,3/6/2019,-0.006175805,-3.823883701,4.728400831
HAT,3/7/2019,0.035254072,-4.618801408,6.160494875
HAT,3/8/2019,0.053673241,-4.65902233,6.076360235
HAT,3/9/2019,NA,NA,NA
HAT,3/10/2019,0.007010371,-3.924844076,4.321364391
HAT,3/11/2019,0.024640046,-4.82386118,5.180147114
HAT,3/12/2019,-0.093138703,-4.891382003,5.432106709
HAT,3/13/2019,-0.160103083,-3.148999841,3.912405043
HAT,3/14/2019,NA,NA,NA
HAT,3/15/2019,NA,NA,NA
HAT,3/16/2019,NA,NA,NA
HAT,3/17/2019,NA,NA,NA
HAT,3/18/2019,NA,NA,NA
HAT,3/19/2019,NA,NA,NA
HAT,3/20/2019,NA,NA,NA
HAT,3/21/2019,NA,NA,NA
HAT,3/22/2019,NA,NA,NA
HAT,3/23/2019,NA,NA,NA
HAT,3/24/2019,NA,NA,NA
HAT,3/25/2019,NA,NA,NA
HAT,3/26/2019,NA,NA,NA
HAT,3/27/2019,NA,NA,NA
HAT,3/28/2019,NA,NA,NA
HAT,3/29/2019,NA,NA,NA
HAT,3/30/2019,NA,NA,NA
HAT,3/31/2019,NA,NA,NA
HAT,4/1/2019,NA,NA,NA
HAT,4/2/2019,NA,NA,NA
HAT,4/3/2019,NA,NA,NA
HAT,4/4/2019,NA,NA,NA
HAT,4/5/2019,NA,NA,NA
HAT,4/6/2019,NA,NA,NA
HAT,4/7/2019,NA,NA,NA
HAT,4/8/2019,NA,NA,NA
HAT,4/9/2019,NA,NA,NA
HAT,4/10/2019,NA,NA,NA
HAT,4/11/2019,NA,NA,NA
HAT,4/12/2019,0.070240338,-4.539088665,8.399430581
HAT,4/13/2019,0.094635971,-3.805340186,6.880387484
HAT,4/14/2019,0.103701937,-3.277042851,5.694662725
HAT,4/15/2019,0.056879249,-2.729697559,5.194085769
HAT,4/16/2019,0.083669377,-2.5461436,5.044862859
HAT,4/17/2019,0.135328187,-2.445752429,4.352712519
HAT,4/18/2019,0.104733102,-2.845110162,4.772151089
HAT,4/19/2019,-0.06289953,-2.173338372,4.006880112
HAT,4/20/2019,-0.056721205,-2.519889752,4.625199453
HAT,4/21/2019,0.052984346,-3.656463317,7.639603078
HAT,4/22/2019,0.100381155,-3.884106574,8.65841678
HAT,4/23/2019,0.113043174,-3.014725547,6.442265352
HAT,4/24/2019,0.140850438,-2.48049163,4.952507626
HAT,4/25/2019,0.142178514,-2.43247836,4.515217451
HAT,4/26/2019,0.080235227,-2.708862132,4.735748973
HAT,4/27/2019,0.131354933,-2.76255222,5.549360114
HAT,4/28/2019,NA,NA,NA
HAT,4/29/2019,NA,NA,NA
HAT,4/30/2019,NA,NA,NA
HAT,5/1/2019,0.192676953,-0.684771643,0.528051267
HAT,5/2/2019,0.194600871,-2.413495104,3.230436184
HAT,5/3/2019,0.0428233,-3.247733078,4.183272314
HAT,5/4/2019,0.114375213,-2.486617256,3.630749808
HAT,5/5/2019,0.189348958,-1.702619349,2.620470432
HAT,5/6/2019,-0.027666105,-2.748233804,3.352010756
HAT,5/7/2019,NA,NA,NA
HAT,5/8/2019,0.025517211,-4.374874705,7.140673278
HAT,5/9/2019,0.121367997,-6.385057286,10.99454656
HAT,5/10/2019,0.075822592,-4.964405077,8.514101642
HAT,5/11/2019,0.07264279,-3.642317283,6.19827667
HAT,5/12/2019,NA,NA,NA
HAT,5/13/2019,0.094848548,-3.163131642,4.964389476
HAT,5/14/2019,0.093497063,-2.984367199,4.720725818
HAT,5/15/2019,NA,NA,NA
HAT,5/16/2019,0.117944198,-2.34888548,3.350236553
HAT,5/17/2019,0.101249321,-1.693777485,2.3784691
HAT,5/18/2019,0.024609115,-2.443479186,3.545887598
HAT,5/19/2019,0.029520166,-1.770592386,2.766411888
HAT,5/20/2019,0.074132383,-2.220732915,3.406644889
HAT,5/21/2019,0.131836326,-2.044401567,3.303305277
HAT,5/22/2019,0.168972261,-1.739343795,2.823801495
HAT,5/23/2019,0.155900761,-1.726861644,2.948955696
HAT,5/24/2019,0.13111284,-1.842966261,3.229755208
HAT,5/25/2019,0.131269248,-1.093418307,1.883540045
HAT,5/26/2019,0.110880251,-1.093654314,2.150776182
HAT,5/27/2019,0.116431824,-0.61451725,1.373298075
HAT,5/28/2019,0.040153334,-0.870205647,2.486718998
HAT,5/29/2019,NA,NA,NA
HAT,5/30/2019,NA,NA,NA
HAT,5/31/2019,NA,NA,NA
HAT,6/1/2019,0.205692866,-0.746744951,1.018074068
HAT,6/2/2019,0.134565778,-0.894172091,1.614459091
HAT,6/3/2019,NA,NA,NA
HAT,6/4/2019,NA,NA,NA
HAT,6/5/2019,NA,NA,NA
HAT,6/6/2019,NA,NA,NA
HAT,6/7/2019,-0.025557663,-0.587888486,1.448526779
HAT,6/8/2019,0.120332804,-1.40122865,2.144206477
HAT,6/9/2019,-0.010371851,-0.627908485,1.253184442
HAT,6/10/2019,NA,NA,NA
HAT,6/11/2019,0.134572998,-1.838397948,2.922541119
HAT,6/12/2019,NA,NA,NA
HAT,6/13/2019,0.02366644,-0.348236134,0.448937804
HAT,6/14/2019,-0.021593978,-2.537463926,3.015518953
HAT,6/15/2019,NA,NA,NA
HAT,6/16/2019,0.053365348,-6.164222007,9.544391409
HAT,6/17/2019,0.046835854,-4.441644306,7.123823994
HAT,6/18/2019,0.009822345,-4.376594766,7.164492051
HAT,6/19/2019,-0.105142392,-0.002425038,0.145549213
HAT,6/20/2019,-0.012979399,-1.679361218,1.053173401
HAT,6/21/2019,-0.007262553,-8.114728091,5.015179463
HAT,6/22/2019,-0.027213694,-4.060986835,2.729905126
HAT,6/23/2019,-0.032765244,-3.190898397,2.52521445
HAT,6/24/2019,-0.033898683,-3.406976956,3.119206052
HAT,6/25/2019,-0.018227353,-4.437195503,4.498507399
HAT,6/26/2019,-0.023440017,-4.460906511,4.956108214
HAT,6/27/2019,NA,NA,NA
HAT,6/28/2019,0.047908668,-6.297864386,7.993757782
HAT,6/29/2019,0.002729788,-6.994269469,8.980778609
HAT,6/30/2019,0.012797257,-5.382045157,7.357192654
HAT,7/1/2019,NA,NA,NA
HAT,7/2/2019,NA,NA,NA
HAT,7/3/2019,0.013188666,-3.282896161,4.80028531
HAT,7/4/2019,NA,NA,NA
HAT,7/5/2019,NA,NA,NA
HAT,7/6/2019,0.020415028,-2.995537665,4.22230112
HAT,7/7/2019,NA,NA,NA
HAT,7/8/2019,NA,NA,NA
HAT,7/9/2019,0.004403172,-2.149556352,2.639712901
HAT,7/10/2019,0.013312473,-4.067250767,4.848301332
HAT,7/11/2019,6.55E-04,-0.993207967,1.077706754
HAT,7/12/2019,NA,NA,NA
HAT,7/13/2019,0.003052311,-4.169856766,4.895773101
HAT,7/14/2019,NA,NA,NA
HAT,7/15/2019,NA,NA,NA
HAT,7/16/2019,NA,NA,NA
HAT,7/17/2019,NA,NA,NA
HAT,7/18/2019,0.010473311,-5.671910382,8.407332971
HAT,7/19/2019,0.012605015,-4.991367296,7.547965135
HAT,7/20/2019,0.075875071,-1.95339355,2.975297685
HAT,7/21/2019,NA,NA,NA
HAT,7/22/2019,0.002146651,-4.299427344,5.359026125
HAT,7/23/2019,-0.003012907,-4.464514264,6.132554174
HAT,7/24/2019,0.031973208,-0.923254379,1.231113745
HAT,7/25/2019,0.122735781,-0.386364429,0.088954324
HAT,7/26/2019,0.096865808,-3.518679769,2.044209042
HAT,7/27/2019,0.027672696,-8.342626809,4.394491234
HAT,7/28/2019,NA,NA,NA
HAT,7/29/2019,NA,NA,NA
HAT,7/30/2019,NA,NA,NA
HAT,7/31/2019,NA,NA,NA
HOGDN,2/24/2019,1.888010595,-12.80653694,8.590507866
HOGDN,2/25/2019,1.4702728,-8.069609545,7.280962287
HOGDN,2/26/2019,0.495708594,-7.867237094,7.894679611
HOGDN,2/27/2019,1.550880771,-8.423473871,6.984682572
HOGDN,2/28/2019,1.447921196,-10.9148304,7.891042506
HOGDN,3/1/2019,1.368605032,-11.46420034,9.073311152
HOGDN,3/2/2019,1.107714396,-7.539466422,5.719030516
HOGDN,3/3/2019,1.089522593,-11.24968424,7.63930471
HOGDN,3/4/2019,0.591782194,-10.60096624,6.465478053
HOGDN,3/5/2019,0.441466596,-4.949523692,4.233523122
HOGDN,3/6/2019,0.394066935,-5.17732931,6.027923939
HOGDN,3/7/2019,0.42762317,-5.10546768,6.447334179
HOGDN,3/8/2019,0.514678329,-5.088737102,6.128223365
HOGDN,3/9/2019,NA,NA,NA
HOGDN,3/10/2019,0.595217677,-6.637846414,7.074547766
HOGDN,3/11/2019,0.45492826,-5.213499621,5.884500878
HOGDN,3/12/2019,0.230778242,-3.725262872,5.189616722
HOGDN,3/13/2019,NA,NA,NA
HOGDN,3/14/2019,NA,NA,NA
HOGDN,3/15/2019,NA,NA,NA
HOGDN,3/16/2019,NA,NA,NA
HOGDN,3/17/2019,NA,NA,NA
HOGDN,3/18/2019,NA,NA,NA
HOGDN,3/19/2019,NA,NA,NA
HOGDN,3/20/2019,NA,NA,NA
HOGDN,3/21/2019,NA,NA,NA
HOGDN,3/22/2019,NA,NA,NA
HOGDN,3/23/2019,NA,NA,NA
HOGDN,3/24/2019,NA,NA,NA
HOGDN,3/25/2019,NA,NA,NA
HOGDN,3/26/2019,NA,NA,NA
HOGDN,3/27/2019,NA,NA,NA
HOGDN,3/28/2019,NA,NA,NA
HOGDN,3/29/2019,NA,NA,NA
HOGDN,3/30/2019,NA,NA,NA
HOGDN,3/31/2019,NA,NA,NA
HOGDN,4/1/2019,NA,NA,NA
HOGDN,4/2/2019,NA,NA,NA
HOGDN,4/3/2019,NA,NA,NA
HOGDN,4/4/2019,0.24778129,-4.62577199,6.243415976
HOGDN,4/5/2019,0.816446697,-7.144502894,9.032307207
HOGDN,4/6/2019,0.200575011,-4.15285411,5.310901918
HOGDN,4/7/2019,0.280156535,-4.621237953,5.769384999
HOGDN,4/8/2019,0.574169476,-7.047547388,8.584882683
HOGDN,4/9/2019,0.124533417,-3.601425199,3.079037951
HOGDN,4/10/2019,0.14792196,-5.766141538,4.583758767
HOGDN,4/11/2019,0.111722992,-4.754491048,4.700271453
HOGDN,4/12/2019,0.397874095,-6.543303895,6.73073214
HOGDN,4/13/2019,NA,NA,NA
HOGDN,4/14/2019,0.486847685,-7.052790509,7.321458101
HOGDN,4/15/2019,0.003732141,-3.065804589,4.929725471
HOGDN,4/16/2019,0.03692054,-4.289494979,6.596740949
HOGDN,4/17/2019,0.223902814,-4.676425467,6.623327216
HOGDN,4/18/2019,0.027502571,-3.581841206,4.705877697
HOGDN,4/19/2019,-0.029367906,-0.565118643,0.155040748
HOGDN,4/20/2019,0.162158003,-2.396864881,1.518079036
HOGDN,4/21/2019,0.086319082,-4.691059175,3.902737239
HOGDN,4/22/2019,0.11300501,-5.460664971,5.562710678
HOGDN,4/23/2019,0.017524538,-4.12009658,4.645933255
HOGDN,4/24/2019,0.187815959,-4.82579157,5.489327777
HOGDN,4/25/2019,0.183337787,-5.034347097,5.982500608
HOGDN,4/26/2019,0.02585666,-1.891658577,1.231290729
HOGDN,4/27/2019,-0.068225529,-3.552319433,3.07137083
HOGDN,4/28/2019,0.078140655,-4.978822053,5.22900968
HOGDN,4/29/2019,-0.069681077,-4.079609831,5.047962721
HOGDN,4/30/2019,0.045955323,-5.344836512,6.632201749
HOGDN,5/1/2019,NA,NA,NA
HOGDN,5/2/2019,0.166119853,-4.317677006,5.061262191
HOGDN,5/3/2019,0.227963902,-5.417764697,4.696673552
HOGDN,5/4/2019,0.033866087,-6.42301509,5.175914179
HOGDN,5/5/2019,NA,NA,NA
HOGDN,5/6/2019,-0.010282415,-2.614842596,1.595775818
HOGDN,5/7/2019,-0.06004367,-3.119823292,2.803546684
HOGDN,5/8/2019,NA,NA,NA
HOGDN,5/9/2019,NA,NA,NA
HOGDN,5/10/2019,NA,NA,NA
HOGDN,5/11/2019,NA,NA,NA
HOGDN,5/12/2019,NA,NA,NA
HOGDN,5/13/2019,NA,NA,NA
HOGDN,5/14/2019,NA,NA,NA
HOGDN,5/15/2019,NA,NA,NA
HOGDN,5/16/2019,NA,NA,NA
HOGDN,5/17/2019,NA,NA,NA
HOGDN,5/18/2019,NA,NA,NA
HOGDN,5/19/2019,NA,NA,NA
HOGDN,5/20/2019,NA,NA,NA
HOGDN,5/21/2019,NA,NA,NA
HOGDN,5/22/2019,NA,NA,NA
HOGDN,5/23/2019,NA,NA,NA
HOGDN,5/24/2019,NA,NA,NA
HOGDN,5/25/2019,NA,NA,NA
HOGDN,5/26/2019,NA,NA,NA
HOGDN,5/27/2019,NA,NA,NA
HOGDN,5/28/2019,NA,NA,NA
HOGDN,5/29/2019,-0.045640614,-1.282411912,1.133166301
HOGDN,5/30/2019,NA,NA,NA
HOGDN,5/31/2019,NA,NA,NA
HOGDN,6/1/2019,-0.048579842,-3.107534229,3.219058635
HOGDN,6/2/2019,0.005582173,-1.393772734,2.341402951
HOGDN,6/3/2019,NA,NA,NA
HOGDN,6/4/2019,NA,NA,NA
HOGDN,6/5/2019,NA,NA,NA
HOGDN,6/6/2019,0.018654345,-1.825306488,1.571242919
HOGDN,6/7/2019,NA,NA,NA
HOGDN,6/8/2019,0.06272916,-6.315066039,5.249427572
HOGDN,6/9/2019,-0.062258796,-0.630328949,0.199953937
HOGDN,6/10/2019,0.031190644,-2.041954274,1.053646467
HOGDN,6/11/2019,NA,NA,NA
HOGDN,6/12/2019,0.069179776,-1.165564836,0.623292423
HOGDN,6/13/2019,-0.024358319,-0.689880165,0.096797702
HOGDN,6/14/2019,NA,NA,NA
HOGDN,6/15/2019,0.0484753,-3.667735424,1.343302646
HOGDN,6/16/2019,-0.023849928,-2.307529104,1.146260295
HOGDN,6/17/2019,0.126007801,-1.33261974,0.582871361
HOGDN,6/18/2019,NA,NA,NA
HOGDN,6/19/2019,0.104629799,0.07997144,0.059096171
HOGDN,6/20/2019,0.025691659,-2.576152912,0.400200577
HOGDN,6/21/2019,0.05554752,-4.948508049,1.200711739
HOGDN,6/22/2019,0.045620843,-4.427191037,1.355170514
HOGDN,6/23/2019,0.013360731,-5.08010866,1.797597911
HOGDN,6/24/2019,0.026664953,-4.723083753,1.957023461
HOGDN,6/25/2019,0.024866681,-5.53254123,2.639725698
HOGDN,6/26/2019,-0.022700087,-4.37869085,2.572626673
HOGDN,6/27/2019,0.033613412,-5.928743015,4.043665414
HOGDN,6/28/2019,NA,NA,NA
HOGDN,6/29/2019,0.022663782,-5.931861647,5.424329669
HOGDN,6/30/2019,0.05580217,-6.360958997,6.288991314
HOGDN,7/1/2019,-0.033366837,-5.973430605,6.416010293
HOGDN,7/2/2019,0.05895738,-3.96817525,4.462496824
HOGDN,7/3/2019,-0.017431903,-4.727251864,2.531709313
HOGDN,7/4/2019,0.088148441,-2.476350796,1.146496937
HOGDN,7/5/2019,0.281309089,-1.076577849,0.381840933
HOGDN,7/6/2019,0.179719311,-6.987782345,2.966225441
HOGDN,7/7/2019,0.080331107,-3.843501275,1.976577615
HOGDN,7/8/2019,0.064507752,-5.474129109,3.459949935
HOGDN,7/9/2019,0.057461047,-5.981118206,4.488807143
HOGDN,7/10/2019,0.072462402,-6.04141457,5.32073752
HOGDN,7/11/2019,0.147941813,-5.065505736,4.486296987
HOGDN,7/12/2019,NA,NA,NA
HOGDN,7/13/2019,NA,NA,NA
HOGDN,7/14/2019,0.10963762,-4.541062776,3.414562708
HOGDN,7/15/2019,0.164126232,-6.98270419,6.199282362
HOGDN,7/16/2019,NA,NA,NA
HOGDN,7/17/2019,0.12698556,-2.761144861,1.884500202
HOGDN,7/18/2019,NA,NA,NA
HOGDN,7/19/2019,NA,NA,NA
HOGDN,7/20/2019,NA,NA,NA
HOGDN,7/21/2019,0.079274952,-3.718601972,1.647509498
HOGDN,7/22/2019,0.107281441,-6.078802246,2.850678096
HOGDN,7/23/2019,0.118253596,-4.834008293,2.385872613
HOGDN,7/24/2019,NA,NA,NA
HOGDN,7/25/2019,0.092047203,-6.055956213,1.952095958
HOGDN,7/26/2019,NA,NA,NA
HOGDN,7/27/2019,NA,NA,NA
HOGDN,7/28/2019,NA,NA,NA
HOGDN,7/29/2019,NA,NA,NA
HOGDN,7/30/2019,NA,NA,NA
HOGDN,7/31/2019,NA,NA,NA
HOGNW16,4/11/2019,NA,NA,NA
HOGNW16,4/12/2019,0.131787248,-3.061916032,8.466677042
HOGNW16,4/13/2019,0.141455025,-3.392944552,9.560582734
HOGNW16,4/14/2019,0.27488563,-3.261085917,9.003072985
HOGNW16,4/15/2019,0.156906353,-2.579598204,9.355705086
HOGNW16,4/16/2019,0.138500617,-2.398666458,8.84527319
HOGNW16,4/17/2019,0.114979422,-2.219405787,7.180453752
HOGNW16,4/18/2019,-0.221266255,-0.592218988,1.775104376
HOGNW16,4/19/2019,NA,NA,NA
HOGNW16,4/20/2019,-0.072242119,-1.953985813,6.920697966
HOGNW16,4/21/2019,-0.048830975,-2.271423151,8.705695129
HOGNW16,4/22/2019,-0.02480562,-2.538417418,9.466822687
HOGNW16,4/23/2019,-0.022953377,-2.665339028,9.507789725
HOGNW16,4/24/2019,0.055837562,-2.4293156,9.749468203
HOGNW16,4/25/2019,0.03223783,-1.584641891,5.997363667
HOGNW16,4/26/2019,-0.042079732,-0.444244266,1.397918696
HOGNW16,4/27/2019,-0.020430832,-2.485958136,9.636683108
HOGNW16,4/28/2019,0.013689186,-2.466787188,9.627327794
HOGNW16,4/29/2019,0.062885157,-2.607145877,9.7534072
HOGNW16,4/30/2019,0.096070408,-2.752937356,9.808830272
HOGNW16,5/1/2019,0.109608959,-2.94071307,10.03948193
HOGNW16,5/2/2019,0.064289749,-1.390106615,3.135682502
HOGNW16,5/3/2019,-0.202913088,-0.199147546,0.894648416
HOGNW16,5/4/2019,0.041738717,-3.441606457,9.356404436
HOGNW16,5/5/2019,-0.027371947,-0.075968738,0.1609831
HOGNW16,5/6/2019,-0.09166303,-2.355480208,7.130059293
HOGNW16,5/7/2019,-0.021641891,-2.563674644,9.307164957
HOGNW16,5/8/2019,-0.017055788,-2.551160993,9.915342968
HOGNW16,5/9/2019,0.019120331,-2.586261643,10.15585861
HOGNW16,5/10/2019,0.061589167,-2.648996478,10.20070224
HOGNW16,5/11/2019,0.082992014,-2.625790607,10.16802689
HOGNW16,5/12/2019,0.139055973,-2.100302622,7.252475127
HOGNW16,5/13/2019,0.128977,-2.56534114,9.434510215
HOGNW16,5/14/2019,0.093511917,-2.060871807,8.935350342
HOGNW16,5/15/2019,0.139317569,-2.080875814,10.19059721
HOGNW16,5/16/2019,0.116905046,-1.976642705,9.441149037
HOGNW16,5/17/2019,0.159257618,-2.142608299,9.820617472
HOGNW16,5/18/2019,0.231295042,-2.389415447,10.90790907
HOGNW16,5/19/2019,0.174646049,-2.066836211,9.225540438
HOGNW16,5/20/2019,0.201815263,-2.659317136,11.19989643
HOGNW16,5/21/2019,0.187328171,-2.021007818,8.340633036
HOGNW16,5/22/2019,0.199530751,-2.072275085,8.753731924
HOGNW16,5/23/2019,0.158193255,-2.331659309,10.20985913
HOGNW16,5/24/2019,0.163984087,-1.986241421,8.592706813
HOGNW16,5/25/2019,0.199727715,-2.109021991,8.790521534
HOGNW16,5/26/2019,0.195115351,-1.951312209,7.754723766
HOGNW16,5/27/2019,0.281295871,-2.160575034,8.214152141
HOGNW16,5/28/2019,0.156503532,-0.645781164,0.229845068
HOGNW16,5/29/2019,-0.033155551,-2.648434664,6.069176508
HOGNW16,5/30/2019,0.023008462,-3.609689493,10.32774572
HOGNW16,5/31/2019,-0.132228748,-0.303745737,0.191530128
HOGNW16,6/1/2019,NA,NA,NA
HOGNW16,6/2/2019,0.155211336,-4.313442109,10.91115694
HOGNW16,6/3/2019,0.185909871,-4.111777478,11.0871887
HOGNW16,6/4/2019,0.070571762,-0.820706344,1.352295471
HOGNW16,6/5/2019,0.019678574,-3.036296865,5.936143474
HOGNW16,6/6/2019,0.064833426,-3.616553688,10.12193777
HOGNW16,6/7/2019,-0.053314257,-1.390705068,2.941842561
HOGNW16,6/8/2019,0.179323058,-3.051486825,6.019600232
HOGNW16,6/9/2019,-0.119856402,-1.335477005,2.95716061
HOGNW16,6/10/2019,-0.026685695,-3.784788984,9.687478908
HOGNW16,6/11/2019,-0.361884007,-1.270688037,3.131607255
HOGNW16,6/12/2019,NA,NA,NA
HOGNW16,6/13/2019,NA,NA,NA
HOGNW16,6/14/2019,NA,NA,NA
HOGNW16,6/15/2019,NA,NA,NA
HOGNW16,6/16/2019,NA,NA,NA
HOGNW16,6/17/2019,NA,NA,NA
HOGNW16,6/18/2019,NA,NA,NA
HOGNW16,6/19/2019,NA,NA,NA
HOGNW16,6/20/2019,NA,NA,NA
HOGNW16,6/21/2019,NA,NA,NA
HOGNW16,6/22/2019,NA,NA,NA
HOGNW16,6/23/2019,NA,NA,NA
HOGNW16,6/24/2019,NA,NA,NA
HOGNW16,6/25/2019,NA,NA,NA
HOGNW16,6/26/2019,NA,NA,NA
HOGNW16,6/27/2019,NA,NA,NA
HOGNW16,6/28/2019,NA,NA,NA
HOGNW16,6/29/2019,NA,NA,NA
HOGNW16,6/30/2019,NA,NA,NA
HOGNW16,7/1/2019,NA,NA,NA
HOGNW16,7/2/2019,NA,NA,NA
HOGNW16,7/3/2019,NA,NA,NA
HOGNW16,7/4/2019,NA,NA,NA
HOGNW16,7/5/2019,NA,NA,NA
HOGNW16,7/6/2019,NA,NA,NA
HOGNW16,7/7/2019,NA,NA,NA
HOGNW16,7/8/2019,NA,NA,NA
HOGNW16,7/9/2019,NA,NA,NA
HOGNW16,7/10/2019,-0.006908149,-2.920792907,9.606733519
HOGNW16,7/11/2019,0.010498881,-1.468538859,3.743903734
HOGNW16,7/12/2019,-0.053703555,-0.179991511,0.364014024
HOGNW16,7/13/2019,-0.07347748,-2.580260257,7.084393005
HOGNW16,7/14/2019,-0.057534572,-3.018293478,8.767554724
HOGNW16,7/15/2019,-0.063645876,-0.606435732,1.52824981
HOGNW16,7/16/2019,-0.07170394,-0.275514661,0.462502835
HOGNW16,7/17/2019,-0.047889123,-0.044080802,0.1558961
HOGNW16,7/18/2019,-0.032778201,-2.881340322,6.970016388
HOGNW16,7/19/2019,-0.107909803,-0.714311196,1.902579622
HOGNW16,7/20/2019,-0.066670669,-0.216767751,0.453421823
HOGNW16,7/21/2019,NA,NA,NA
HOGNW16,7/22/2019,-0.076555984,-2.307282287,5.830991946
HOGNW16,7/23/2019,-0.086589625,-1.026060434,2.368381823
HOGNW16,7/24/2019,-0.100829304,0.067988186,0.201269491
HOGNW16,7/25/2019,-0.103771041,-1.886645486,4.129477351
HOGNW16,7/26/2019,-0.080931025,-1.62422369,3.590520795
HOGNW16,7/27/2019,-0.182614767,-1.504198634,3.47185426
HOGNW16,7/28/2019,-0.070711387,-1.734279565,4.046016919
HOGNW16,7/29/2019,NA,NA,NA
HOGNW16,7/30/2019,NA,NA,NA
HOGNW16,7/31/2019,NA,NA,NA
POS,2/24/2019,0.562905188,-3.688119193,16.16495077
POS,2/25/2019,0.514010821,-4.001509079,24.15584243
POS,2/26/2019,0.320071621,-4.282697654,25.23837568
POS,2/27/2019,NA,NA,NA
POS,2/28/2019,NA,NA,NA
POS,3/1/2019,0.3714576,-4.702455629,24.04572403
POS,3/2/2019,0.320017178,-2.804831872,11.06170484
POS,3/3/2019,NA,NA,NA
POS,3/4/2019,NA,NA,NA
POS,3/5/2019,NA,NA,NA
POS,3/6/2019,0.143691162,-3.091760402,24.52651547
POS,3/7/2019,0.14677666,-3.032550991,23.83547494
POS,3/8/2019,0.175151214,-3.083684649,22.96686511
POS,3/9/2019,NA,NA,NA
POS,3/10/2019,0.246048577,-3.765721237,22.9409345
POS,3/11/2019,0.288026803,-3.600432196,21.33462734
POS,3/12/2019,0.155279228,-3.527967119,22.02768748
POS,3/13/2019,0.363507613,-2.837936951,12.83618855
POS,3/14/2019,-0.179618229,-0.67767004,1.641409013
POS,3/15/2019,-0.437943452,-3.839380832,4.854715358
POS,3/16/2019,-0.595389022,0.240985434,2.514563911
POS,3/17/2019,0.306572056,-3.974930708,19.44348273
POS,3/18/2019,-0.02735073,-2.689242376,8.044731093
POS,3/19/2019,-0.570768292,-0.454609153,1.076671182
POS,3/20/2019,-0.015333808,-0.026333019,1.389222538
POS,3/21/2019,-0.298209405,-0.818801785,1.706717611
POS,3/22/2019,0.343112172,-0.416791479,2.277362309
POS,3/23/2019,0.070742603,-2.539012468,20.4249199
POS,3/24/2019,0.134338262,-2.716375012,20.08422867
POS,3/25/2019,0.242685886,-3.231433027,21.5788671
POS,3/26/2019,0.140207645,-2.887166499,19.58803887
POS,3/27/2019,-0.168623236,-3.498312649,14.01665952
POS,3/28/2019,0.109411179,-1.898721957,5.603671978
POS,3/29/2019,NA,NA,NA
POS,3/30/2019,NA,NA,NA
POS,3/31/2019,0.285431712,-2.444263413,11.95441167
POS,4/1/2019,0.198653056,-4.384343042,21.55018851
POS,4/2/2019,NA,NA,NA
POS,4/3/2019,0.036114399,-3.73681212,22.44739673
POS,4/4/2019,0.094784165,-4.012722449,22.9836627
POS,4/5/2019,0.153066652,-4.730753316,24.10920938
POS,4/6/2019,0.141065528,-4.416384961,22.44565415
POS,4/7/2019,0.18915505,-4.349733527,21.33042702
POS,4/8/2019,-0.137323784,-1.625771664,6.591889379
POS,4/9/2019,-0.311662427,-0.746741156,2.626490084
POS,4/10/2019,-0.05557128,-6.1269944,23.42342472
POS,4/11/2019,NA,NA,NA
POS,4/12/2019,-0.207916193,-3.520298304,15.229413
POS,4/13/2019,0.308860452,-5.27649971,24.36436074
POS,4/14/2019,0.09724261,-5.577556761,26.06534088
POS,4/15/2019,-0.093827541,-3.541474068,23.64136939
POS,4/16/2019,-0.059200566,-3.35503022,22.30970724
POS,4/17/2019,0.011349437,-3.808010504,23.24392147
POS,4/18/2019,0.09666529,-4.138139044,22.73746273
POS,4/19/2019,0.064452378,-0.325904132,0.465907706
POS,4/20/2019,-0.114069721,-3.206542248,15.166992
POS,4/21/2019,-0.074151868,-4.607400193,27.1865957
POS,4/22/2019,-0.048138939,-4.134252325,25.08685332
POS,4/23/2019,-0.077842222,-4.157687088,25.77962597
POS,4/24/2019,0.012592881,-4.609423013,29.31234665
POS,4/25/2019,0.151478742,-4.758455276,28.73619079
POS,4/26/2019,-0.111825319,-2.908943299,10.10644974
POS,4/27/2019,-0.047954535,-5.334744238,28.80489213
POS,4/28/2019,-0.010651932,-5.074237594,28.99891987
POS,4/29/2019,-0.019511091,-5.397577617,30.55170075
POS,4/30/2019,-0.031491125,-5.276636044,29.07053127
POS,5/1/2019,-8.65E-04,-5.567214399,30.57465289
POS,5/2/2019,0.260437577,-4.838496199,21.03622765
POS,5/3/2019,-0.06184356,-2.554496519,9.601743479
POS,5/4/2019,0.037196986,-8.093181523,34.68117723
POS,5/5/2019,-0.277841299,-3.592390292,14.72900217
POS,5/6/2019,0.047358451,-7.936013673,36.25089863
POS,5/7/2019,0.017980775,-7.148105125,37.85669425
POS,5/8/2019,0.014940415,-6.409311815,36.95202359
POS,5/9/2019,0.182822678,-6.792031017,39.62582175
POS,5/10/2019,0.194395355,-6.185706468,35.66163464
POS,5/11/2019,0.145568608,-5.913190425,33.75464486
POS,5/12/2019,0.276499019,-6.384140439,35.4906548
POS,5/13/2019,0.097793728,-5.684199966,34.24555865
POS,5/14/2019,-0.010131183,-4.611462598,31.69328948
POS,5/15/2019,0.104783801,-4.057408051,29.0358035
POS,5/16/2019,0.131457391,-3.87002304,25.98799612
POS,5/17/2019,0.133502563,-3.566494407,23.8171703
POS,5/18/2019,0.11726963,-3.348163363,22.91180168
POS,5/19/2019,0.032154726,-2.777741527,18.75261639
POS,5/20/2019,0.207966415,-3.736759118,22.69094887
POS,5/21/2019,0.017940051,-2.331014467,14.49808898
POS,5/22/2019,0.042455564,-2.639412836,16.24842155
POS,5/23/2019,0.107406811,-2.997618108,19.19189624
POS,5/24/2019,0.009250215,-2.394304909,15.80930933
POS,5/25/2019,0.051256926,-2.267269692,14.2216378
POS,5/26/2019,0.033127479,-2.10400349,12.9988082
POS,5/27/2019,0.037913962,-1.785118667,10.51867973
POS,5/28/2019,0.150086826,-0.888521442,1.413372307
POS,5/29/2019,NA,NA,NA
POS,5/30/2019,-0.073701769,-3.805037486,13.51473896
POS,5/31/2019,-0.101747236,-2.484965702,7.827856819
POS,6/1/2019,-0.038767646,-4.3714262,14.6658552
POS,6/2/2019,0.068327577,-3.891685081,17.434649
POS,6/3/2019,0.054457469,-3.586745281,16.57389327
POS,6/4/2019,-0.067158113,-0.394255938,0.751383139
POS,6/5/2019,0.128289905,-8.314411006,21.83129757
POS,6/6/2019,0.052719198,-3.164208731,11.58687264
POS,6/7/2019,-0.197273665,-4.771504716,17.3683685
POS,6/8/2019,0.219952412,-7.148701072,27.41629924
POS,6/9/2019,NA,NA,NA
POS,6/10/2019,NA,NA,NA
POS,6/11/2019,-0.282031344,-5.311578106,15.39155123
POS,6/12/2019,NA,NA,NA
POS,6/13/2019,-0.219668623,-1.23157914,2.218572899
POS,6/14/2019,NA,NA,NA
POS,6/15/2019,-0.065439713,-8.664300597,26.85418196
POS,6/16/2019,-0.102662378,-9.064267381,31.12558239
POS,6/17/2019,-0.771317269,0.110035047,1.336848443
POS,6/18/2019,-0.245664518,-0.304349608,0.712329537
POS,6/19/2019,-0.037788415,-0.439875796,0.346154679
POS,6/20/2019,-0.141412759,-3.025832992,5.304092709
POS,6/21/2019,NA,NA,NA
POS,6/22/2019,-0.020627738,-8.332793326,24.34708564
POS,6/23/2019,-0.029478926,-8.661209477,28.11175175
POS,6/24/2019,NA,NA,NA
POS,6/25/2019,0.043832256,-8.932066959,32.6295456
POS,6/26/2019,-0.016853794,-8.375289861,32.84567669
POS,6/27/2019,-0.124805748,-7.189130217,29.14690635
POS,6/28/2019,-0.012450415,-7.810153003,33.33800236
POS,6/29/2019,-0.027869354,-7.41260753,33.99051747
POS,6/30/2019,0.038763145,-7.301464386,33.11897048
POS,7/1/2019,0.006002216,-6.943095225,29.88351452
POS,7/2/2019,0.041670925,-1.520788681,3.894091401
POS,7/3/2019,0.034954178,-1.502101061,3.929219254
POS,7/4/2019,0.030639595,-2.308655376,5.649676168
POS,7/5/2019,NA,NA,NA
POS,7/6/2019,0.01806156,-6.169540982,17.77598432
POS,7/7/2019,0.036188551,-8.119216982,28.12080888
POS,7/8/2019,NA,NA,NA
POS,7/9/2019,NA,NA,NA
POS,7/10/2019,0.054673734,-7.635097193,29.69423894
POS,7/11/2019,0.04341535,-1.894381205,5.463256867
POS,7/12/2019,0.077613595,-5.014168537,14.34866865
POS,7/13/2019,0.03183922,-7.933105515,26.00923842
POS,7/14/2019,NA,NA,NA
POS,7/15/2019,-0.007461237,-7.698754567,28.47217228
POS,7/16/2019,-0.099636362,-2.170917522,6.578957891
POS,7/17/2019,0.202765695,-7.728992941,24.4581118
POS,7/18/2019,0.063993353,-7.714301125,27.74202023
POS,7/19/2019,NA,NA,NA
POS,7/20/2019,0.007222479,-0.456740494,0.38920191
POS,7/21/2019,0.002944646,-0.826139852,1.616358052
POS,7/22/2019,-0.087277089,-6.322840914,14.98595542
POS,7/23/2019,-0.483232838,-1.405173387,3.576163695
POS,7/24/2019,NA,NA,NA
POS,7/25/2019,-0.153805783,-3.210185462,7.624998568
POS,7/26/2019,0.054459943,-5.551722828,13.20483462
POS,7/27/2019,-0.030946182,-8.226845177,21.41176529
POS,7/28/2019,-0.112955483,-8.303453709,23.27794354
POS,7/29/2019,NA,NA,NA
POS,7/30/2019,NA,NA,NA
POS,7/31/2019,NA,NA,NA
TUM,2/24/2019,3.917365834,-5.711511151,7.963976649
TUM,2/25/2019,2.625159928,-3.634697679,7.4595252
TUM,2/26/2019,1.774070392,-5.786072055,7.872246789
TUM,2/27/2019,3.671612219,-7.013681988,7.767012007
TUM,2/28/2019,3.439585085,-5.491754008,7.589475295
TUM,3/1/2019,NA,NA,NA
TUM,3/2/2019,4.663695106,-8.568895928,9.400962179
TUM,3/3/2019,NA,NA,NA
TUM,3/4/2019,NA,NA,NA
TUM,3/5/2019,1.201756309,-5.26371532,7.359881486
TUM,3/6/2019,NA,NA,NA
TUM,3/7/2019,NA,NA,NA
TUM,3/8/2019,NA,NA,NA
TUM,3/9/2019,NA,NA,NA
TUM,3/10/2019,NA,NA,NA
TUM,3/11/2019,NA,NA,NA
TUM,3/12/2019,NA,NA,NA
TUM,3/13/2019,NA,NA,NA
TUM,3/14/2019,NA,NA,NA
TUM,3/15/2019,NA,NA,NA
TUM,3/16/2019,NA,NA,NA
TUM,3/17/2019,NA,NA,NA
TUM,3/18/2019,NA,NA,NA
TUM,3/19/2019,NA,NA,NA
TUM,3/20/2019,NA,NA,NA
TUM,3/21/2019,NA,NA,NA
TUM,3/22/2019,NA,NA,NA
TUM,3/23/2019,1.738742086,-2.473936851,6.647585352
TUM,3/24/2019,NA,NA,NA
TUM,3/25/2019,NA,NA,NA
TUM,3/26/2019,2.279423278,-3.398353919,5.921842045
TUM,3/27/2019,NA,NA,NA
TUM,3/28/2019,NA,NA,NA
TUM,3/29/2019,NA,NA,NA
TUM,3/30/2019,NA,NA,NA
TUM,3/31/2019,NA,NA,NA
TUM,4/1/2019,NA,NA,NA
TUM,4/2/2019,NA,NA,NA
TUM,4/3/2019,NA,NA,NA
TUM,4/4/2019,NA,NA,NA
TUM,4/5/2019,3.759743447,-6.581602603,7.841030728
TUM,4/6/2019,3.992307702,-4.957159496,7.51431196
TUM,4/7/2019,5.405631354,-5.581681861,7.684004736
TUM,4/8/2019,NA,NA,NA
TUM,4/9/2019,NA,NA,NA
TUM,4/10/2019,NA,NA,NA
TUM,4/11/2019,3.490965501,-4.872999629,7.300738137
TUM,4/12/2019,NA,NA,NA
TUM,4/13/2019,NA,NA,NA
TUM,4/14/2019,5.561057078,-13.49302628,5.204610193
TUM,4/15/2019,-0.544115184,-18.87212668,7.447858605
TUM,4/16/2019,0.994277336,-12.52915663,7.155148252
TUM,4/17/2019,0.185938542,-11.47503792,7.073641047
TUM,4/18/2019,5.592857083,-13.25903342,6.196964865
TUM,4/19/2019,NA,NA,NA
TUM,4/20/2019,NA,NA,NA
TUM,4/21/2019,NA,NA,NA
TUM,4/22/2019,NA,NA,NA
TUM,4/23/2019,NA,NA,NA
TUM,4/24/2019,NA,NA,NA
TUM,4/25/2019,6.13871754,-6.987691095,7.659535478
TUM,4/26/2019,1.942435084,-6.823065241,8.027288589
TUM,4/27/2019,4.090036057,-6.409347362,8.135859879
TUM,4/28/2019,NA,NA,NA
TUM,4/29/2019,5.579679912,-6.967752897,8.181449756
TUM,4/30/2019,5.532052746,-6.10217638,7.666340901
TUM,5/1/2019,NA,NA,NA
TUM,5/2/2019,NA,NA,NA
TUM,5/3/2019,NA,NA,NA
TUM,5/4/2019,NA,NA,NA
TUM,5/5/2019,NA,NA,NA
TUM,5/6/2019,NA,NA,NA
TUM,5/7/2019,NA,NA,NA
TUM,5/8/2019,NA,NA,NA
TUM,5/9/2019,NA,NA,NA
TUM,5/10/2019,NA,NA,NA
TUM,5/11/2019,NA,NA,NA
TUM,5/12/2019,NA,NA,NA
TUM,5/13/2019,NA,NA,NA
TUM,5/14/2019,NA,NA,NA
TUM,5/15/2019,NA,NA,NA
TUM,5/16/2019,NA,NA,NA
TUM,5/17/2019,NA,NA,NA
TUM,5/18/2019,NA,NA,NA
TUM,5/19/2019,NA,NA,NA
TUM,5/20/2019,NA,NA,NA
TUM,5/21/2019,NA,NA,NA
TUM,5/22/2019,NA,NA,NA
TUM,5/23/2019,NA,NA,NA
TUM,5/24/2019,NA,NA,NA
TUM,5/25/2019,10.08255047,-6.958601891,8.462715525
TUM,5/26/2019,10.35430127,-7.432867948,8.512708781
TUM,5/27/2019,10.62882498,-7.330082375,8.668031816
TUM,5/28/2019,NA,NA,NA
TUM,5/29/2019,5.908811566,-15.61372165,10.62588342
TUM,5/30/2019,8.653419026,-11.00487313,10.86865013
TUM,5/31/2019,4.479715732,-6.778900298,4.467697972
TUM,6/1/2019,NA,NA,NA
TUM,6/2/2019,7.736206105,-8.575405593,10.80331313
TUM,6/3/2019,8.787982983,-8.265498667,11.39960689
TUM,6/4/2019,NA,NA,NA
TUM,6/5/2019,NA,NA,NA
TUM,6/6/2019,NA,NA,NA
TUM,6/7/2019,NA,NA,NA
TUM,6/8/2019,NA,NA,NA
TUM,6/9/2019,NA,NA,NA
TUM,6/10/2019,2.174415357,-6.259360207,7.876927387
TUM,6/11/2019,4.429942078,-6.746449615,7.793183609
TUM,6/12/2019,NA,NA,NA
TUM,6/13/2019,NA,NA,NA
TUM,6/14/2019,2.41473498,-6.890883205,7.965859496
TUM,6/15/2019,4.205924894,-8.026316386,7.990170316
TUM,6/16/2019,7.018017796,-10.31055883,8.069725391
TUM,6/17/2019,NA,NA,NA
